date,wti_front,brent_front
2010-01-04,80.0,79.4
2010-01-05,79.9,79.53
2010-01-06,80.68,80.35
2010-01-07,79.1,78.8
2010-01-08,80.75,80.53
2010-01-11,82.88,82.7
2010-01-12,81.44,81.18
2010-01-13,82.31,81.93
2010-01-14,81.06,80.63
2010-01-15,82.63,82.36
2010-01-19,82.9,82.58
2010-01-20,84.01,83.72
2010-01-21,84.06,84.33
2010-01-22,80.22,80.45
2010-01-25,80.96,81.06
2010-01-26,80.11,80.18
2010-01-27,79.42,79.77
2010-01-28,81.27,81.71
2010-01-29,81.84,82.36
2010-02-01,84.04,84.87
2010-02-02,83.7,84.56
2010-02-03,84.61,85.68
2010-02-04,85.72,86.9
2010-02-05,87.21,88.1
2010-02-08,85.85,86.76
2010-02-09,88.32,89.61
2010-02-10,88.7,89.91
2010-02-11,89.6,91.02
2010-02-12,88.49,89.94
2010-02-16,88.81,90.18
2010-02-17,87.26,88.75
2010-02-18,87.26,88.52
2010-02-19,86.8,88.01
2010-02-22,87.7,88.95
2010-02-23,90.89,92.6
2010-02-24,92.61,94.16
2010-02-25,88.99,90.42
2010-02-26,87.24,88.77
2010-03-01,85.01,86.37
2010-03-02,86.86,88.1
2010-03-03,87.89,89.15
2010-03-04,89.77,90.67
2010-03-05,90.71,91.78
2010-03-08,93.41,94.59
2010-03-09,91.84,93.11
2010-03-10,88.72,90.05
2010-03-11,87.47,88.92
2010-03-12,87.12,88.48
2010-03-15,88.85,90.37
2010-03-16,89.99,91.43
2010-03-17,87.33,88.85
2010-03-18,88.72,90.35
2010-03-19,88.53,90.02
2010-03-22,86.44,87.95
2010-03-23,85.62,87.74
2010-03-24,87.62,89.72
2010-03-25,88.12,90.43
2010-03-26,83.15,85.4
2010-03-29,84.27,86.51
2010-03-30,84.61,86.91
2010-03-31,84.82,87.39
2010-04-01,86.01,88.58
2010-04-05,87.02,89.57
2010-04-06,86.5,88.93
2010-04-07,87.96,90.4
2010-04-08,87.78,90.05
2010-04-09,88.51,90.77
2010-04-12,91.09,93.42
2010-04-13,92.22,94.53
2010-04-14,92.68,94.99
2010-04-15,95.28,97.69
2010-04-16,97.28,99.82
2010-04-19,96.37,98.9
2010-04-20,93.62,96.12
2010-04-21,94.15,96.66
2010-04-22,95.23,97.69
2010-04-23,96.72,98.83
2010-04-26,95.15,97.55
2010-04-27,96.3,98.55
2010-04-28,100.83,102.92
2010-04-29,101.77,103.95
2010-04-30,101.51,103.88
2010-05-03,102.52,105.03
2010-05-04,103.21,105.69
2010-05-05,100.4,103.06
2010-05-06,101.63,104.36
2010-05-07,99.58,102.09
2010-05-10,97.72,100.4
2010-05-11,99.93,102.58
2010-05-12,100.98,103.64
2010-05-13,102.64,105.27
2010-05-14,106.95,109.64
2010-05-17,106.07,108.9
2010-05-18,105.48,108.35
2010-05-19,104.58,107.66
2010-05-20,103.45,106.59
2010-05-21,103.2,106.23
2010-05-24,106.62,109.86
2010-05-25,104.04,107.09
2010-05-26,104.91,108.12
2010-05-27,105.18,108.16
2010-05-28,108.04,111.46
2010-06-01,109.6,112.82
2010-06-02,106.87,109.8
2010-06-03,105.76,108.73
2010-06-04,105.04,108.02
2010-06-07,104.37,107.3
2010-06-08,99.41,102.47
2010-06-09,103.15,106.14
2010-06-10,103.23,106.23
2010-06-11,103.57,106.67
2010-06-14,100.4,103.59
2010-06-15,98.89,102.15
2010-06-16,97.44,101.01
2010-06-17,95.18,98.85
2010-06-18,95.76,99.7
2010-06-21,96.75,100.92
2010-06-22,95.29,99.52
2010-06-23,95.11,99.26
2010-06-24,98.81,102.97
2010-06-25,99.45,103.63
2010-06-28,99.57,103.86
2010-06-29,101.12,105.27
2010-06-30,103.66,107.77
2010-07-01,107.16,111.13
2010-07-02,108.51,112.66
2010-07-06,107.15,111.64
2010-07-07,108.85,113.51
2010-07-08,109.68,114.37
2010-07-09,111.11,116.22
2010-07-12,108.93,114.09
2010-07-13,109.26,114.41
2010-07-14,107.05,111.87
2010-07-15,107.66,112.46
2010-07-16,111.06,115.88
2010-07-19,113.24,118.21
2010-07-20,114.04,118.95
2010-07-21,115.13,120.45
2010-07-22,112.31,117.67
2010-07-23,111.59,116.61
2010-07-26,112.49,117.64
2010-07-27,109.16,114.49
2010-07-28,110.43,115.75
2010-07-29,109.78,115.24
2010-07-30,110.88,116.37
2010-08-02,110.25,115.63
2010-08-03,105.87,111.32
2010-08-04,109.7,115.13
2010-08-05,108.07,113.46
2010-08-06,110.8,116.15
2010-08-09,110.84,116.13
2010-08-10,107.78,113.12
2010-08-11,109.14,114.44
2010-08-12,106.37,111.72
2010-08-13,103.78,109.02
2010-08-16,102.87,108.45
2010-08-17,102.79,108.41
2010-08-18,99.42,104.96
2010-08-19,98.47,104.12
2010-08-20,97.74,103.3
2010-08-23,97.78,103.66
2010-08-24,98.44,104.62
2010-08-25,100.73,107.21
2010-08-26,104.78,111.39
2010-08-27,103.11,109.63
2010-08-30,102.06,108.42
2010-08-31,102.21,108.58
2010-09-01,100.38,106.8
2010-09-02,99.54,105.96
2010-09-03,96.41,103.1
2010-09-07,98.54,105.23
2010-09-08,99.35,105.91
2010-09-09,99.7,106.25
2010-09-10,98.61,105.32
2010-09-13,100.58,107.23
2010-09-14,100.02,106.62
2010-09-15,101.32,108.02
2010-09-16,101.32,108.51
2010-09-17,104.13,111.35
2010-09-20,99.48,106.53
2010-09-21,104.41,111.6
2010-09-22,105.59,113.43
2010-09-23,104.28,112.27
2010-09-24,103.83,111.69
2010-09-27,105.8,113.84
2010-09-28,106.83,114.97
2010-09-29,105.61,113.68
2010-09-30,106.41,114.42
2010-10-01,104.22,112.29
2010-10-04,107.73,115.79
2010-10-05,109.07,117.12
2010-10-06,112.24,120.22
2010-10-07,113.7,121.65
2010-10-08,113.72,121.5
2010-10-11,117.08,124.77
2010-10-12,114.61,122.12
2010-10-13,115.25,122.6
2010-10-14,112.24,119.75
2010-10-15,112.11,119.63
2010-10-18,114.85,122.47
2010-10-19,112.41,120.1
2010-10-20,111.95,119.75
2010-10-21,114.0,122.67
2010-10-22,110.94,119.37
2010-10-25,111.24,119.68
2010-10-26,112.49,120.84
2010-10-27,109.32,117.61
2010-10-28,113.52,121.95
2010-10-29,116.93,125.4
2010-11-01,117.07,125.37
2010-11-02,117.29,125.65
2010-11-03,116.66,125.06
2010-11-04,113.07,121.55
2010-11-05,111.2,119.55
2010-11-08,109.1,117.46
2010-11-09,109.4,117.67
2010-11-10,109.53,118.07
2010-11-11,108.53,117.1
2010-11-12,109.09,117.57
2010-11-15,111.92,120.36
2010-11-16,112.08,120.7
2010-11-17,111.78,120.34
2010-11-18,115.21,123.9
2010-11-19,115.71,124.54
2010-11-22,116.98,126.78
2010-11-23,118.97,128.56
2010-11-24,119.16,128.68
2010-11-26,118.42,128.05
2010-11-29,118.91,128.51
2010-11-30,123.49,133.21
2010-12-01,120.43,130.19
2010-12-02,121.89,131.67
2010-12-03,116.81,126.64
2010-12-06,118.97,128.67
2010-12-07,119.01,128.58
2010-12-08,118.29,127.76
2010-12-09,118.23,127.53
2010-12-10,112.64,121.65
2010-12-13,114.3,123.06
2010-12-14,114.86,123.55
2010-12-15,112.42,121.15
2010-12-16,111.03,119.66
2010-12-17,110.83,119.31
2010-12-20,113.36,121.96
2010-12-21,113.73,123.19
2010-12-22,119.53,128.85
2010-12-23,122.22,131.49
2010-12-27,122.54,132.1
2010-12-28,125.44,134.99
2010-12-29,121.36,130.84
2010-12-30,122.66,132.4
2010-12-31,125.44,135.36
2011-01-03,132.69,142.46
2011-01-04,131.72,141.45
2011-01-05,131.36,141.04
2011-01-06,131.89,141.36
2011-01-07,135.09,144.64
2011-01-10,133.71,143.14
2011-01-11,129.12,138.54
2011-01-12,125.84,135.4
2011-01-13,127.18,136.55
2011-01-14,126.97,136.27
2011-01-18,124.77,133.94
2011-01-19,128.75,137.73
2011-01-20,132.58,141.41
2011-01-21,129.44,139.53
2011-01-24,129.65,139.59
2011-01-25,127.61,137.59
2011-01-26,129.36,139.47
2011-01-27,131.49,141.63
2011-01-28,131.34,141.24
2011-01-31,130.45,140.47
2011-02-01,131.72,141.88
2011-02-02,129.87,140.16
2011-02-03,130.74,141.34
2011-02-04,127.59,138.19
2011-02-07,131.11,141.74
2011-02-08,136.3,146.95
2011-02-09,134.8,145.4
2011-02-10,134.62,145.08
2011-02-11,136.77,147.19
2011-02-14,140.2,150.68
2011-02-15,136.29,146.74
2011-02-16,138.11,148.82
2011-02-17,143.26,154.13
2011-02-18,139.81,150.86
2011-02-22,140.68,151.55
2011-02-23,139.28,151.18
2011-02-24,139.77,151.56
2011-02-25,141.25,153.06
2011-02-28,137.21,148.89
2011-03-01,134.69,146.24
2011-03-02,133.04,144.84
2011-03-03,132.11,143.82
2011-03-04,131.27,142.71
2011-03-07,131.69,143.38
2011-03-08,136.65,148.22
2011-03-09,135.5,147.11
2011-03-10,133.48,145.27
2011-03-11,134.96,146.64
2011-03-14,135.7,147.25
2011-03-15,137.68,149.12
2011-03-16,139.93,151.22
2011-03-17,139.87,151.19
2011-03-18,138.34,149.46
2011-03-21,137.32,148.4
2011-03-22,139.38,150.46
2011-03-23,137.68,149.66
2011-03-24,138.96,150.92
2011-03-25,140.75,152.98
2011-03-28,140.16,152.27
2011-03-29,140.41,152.11
2011-03-30,143.84,155.62
2011-03-31,138.49,150.01
2011-04-01,141.44,152.83
2011-04-04,145.02,156.26
2011-04-05,150.82,161.96
2011-04-06,149.94,161.1
2011-04-07,152.87,164.22
2011-04-08,155.9,167.49
2011-04-11,159.1,170.61
2011-04-12,163.84,175.47
2011-04-13,162.1,173.55
2011-04-14,151.06,162.65
2011-04-15,149.69,161.42
2011-04-18,147.11,158.72
2011-04-19,150.59,162.09
2011-04-20,147.25,159.92
2011-04-21,145.14,157.61
2011-04-25,149.63,161.88
2011-04-26,151.95,163.92
2011-04-27,148.97,160.94
2011-04-28,149.85,161.64
2011-04-29,153.22,164.71
2011-05-02,151.68,163.21
2011-05-03,149.79,161.2
2011-05-04,149.81,161.15
2011-05-05,149.8,161.36
2011-05-06,149.48,160.99
2011-05-09,154.74,165.99
2011-05-10,155.1,166.04
2011-05-11,156.4,167.34
2011-05-12,162.19,173.06
2011-05-13,163.57,174.66
2011-05-16,158.3,169.35
2011-05-17,160.9,171.99
2011-05-18,161.4,172.58
2011-05-19,158.61,169.79
2011-05-20,156.96,168.01
2011-05-23,155.66,167.89
2011-05-24,159.15,171.31
2011-05-25,159.99,171.82
2011-05-26,163.16,175.15
2011-05-27,156.92,168.72
2011-05-31,153.37,165.07
2011-06-01,152.53,164.13
2011-06-02,147.73,159.33
2011-06-03,152.92,164.52
2011-06-06,153.42,165.03
2011-06-07,154.15,165.82
2011-06-08,155.15,166.85
2011-06-09,152.26,164.11
2011-06-10,151.53,163.16
2011-06-13,148.01,159.55
2011-06-14,145.75,157.23
2011-06-15,140.13,151.73
2011-06-16,137.5,148.97
2011-06-17,140.13,151.6
2011-06-20,140.8,152.35
2011-06-21,142.34,153.81
2011-06-22,135.47,147.64
2011-06-23,138.04,150.31
2011-06-24,140.39,152.38
2011-06-27,141.37,153.37
2011-06-28,141.72,153.74
2011-06-29,141.31,153.24
2011-06-30,143.97,155.87
2011-07-01,147.54,159.43
2011-07-05,151.13,162.95
2011-07-06,152.95,164.67
2011-07-07,150.85,162.73
2011-07-08,148.03,159.99
2011-07-11,149.52,161.43
2011-07-12,149.55,161.31
2011-07-13,149.16,161.18
2011-07-14,147.02,158.79
2011-07-15,144.96,156.7
2011-07-18,142.4,153.89
2011-07-19,142.42,153.71
2011-07-20,141.46,152.64
2011-07-21,140.02,151.61
2011-07-22,144.8,156.45
2011-07-25,141.38,152.77
2011-07-26,143.19,154.91
2011-07-27,137.82,149.28
2011-07-28,140.16,151.61
2011-07-29,143.74,155.57
2011-08-01,146.88,158.47
2011-08-02,143.64,155.14
2011-08-03,139.34,150.88
2011-08-04,140.19,151.66
2011-08-05,138.54,150.1
2011-08-08,138.42,149.61
2011-08-09,138.32,149.34
2011-08-10,139.94,150.91
2011-08-11,134.83,145.7
2011-08-12,129.06,139.89
2011-08-15,126.95,137.59
2011-08-16,127.66,138.36
2011-08-17,124.48,135.08
2011-08-18,124.23,134.89
2011-08-19,125.06,135.54
2011-08-22,127.81,138.34
2011-08-23,123.01,134.22
2011-08-24,123.13,134.33
2011-08-25,125.18,136.29
2011-08-26,127.93,139.19
2011-08-29,126.36,137.49
2011-08-30,125.0,136.29
2011-08-31,128.56,139.67
2011-09-01,132.06,143.07
2011-09-02,134.09,145.14
2011-09-06,131.64,142.54
2011-09-07,132.53,143.4
2011-09-08,135.57,146.37
2011-09-09,134.96,146.06
2011-09-12,130.44,141.16
2011-09-13,130.42,140.98
2011-09-14,130.98,141.4
2011-09-15,135.03,145.31
2011-09-16,137.33,147.64
2011-09-19,130.56,140.71
2011-09-20,134.44,144.56
2011-09-21,134.69,146.2
2011-09-22,131.84,143.39
2011-09-23,132.04,143.88
2011-09-26,134.5,146.18
2011-09-27,135.82,147.67
2011-09-28,136.4,148.06
2011-09-29,135.26,147.11
2011-09-30,136.8,148.59
2011-10-03,137.94,149.38
2011-10-04,135.51,146.73
2011-10-05,129.89,141.04
2011-10-06,130.67,141.64
2011-10-07,127.9,138.95
2011-10-10,129.7,140.47
2011-10-11,130.61,141.46
2011-10-12,128.65,139.71
2011-10-13,127.07,138.07
2011-10-14,128.06,138.94
2011-10-17,125.28,135.87
2011-10-18,128.22,138.9
2011-10-19,124.66,135.08
2011-10-20,127.3,137.75
2011-10-21,126.22,137.76
2011-10-24,125.03,136.39
2011-10-25,128.07,139.54
2011-10-26,124.17,135.72
2011-10-27,126.0,137.43
2011-10-28,130.36,141.72
2011-10-31,131.72,142.97
2011-11-01,136.98,148.43
2011-11-02,134.12,145.71
2011-11-03,136.42,148.21
2011-11-04,137.31,149.18
2011-11-07,140.7,152.34
2011-11-08,136.98,148.46
2011-11-09,135.33,146.74
2011-11-10,132.52,143.59
2011-11-11,136.81,147.83
2011-11-14,131.19,142.15
2011-11-15,136.3,147.23
2011-11-16,138.76,149.7
2011-11-17,140.77,151.66
2011-11-18,140.06,151.15
2011-11-21,141.82,152.79
2011-11-22,135.36,147.48
2011-11-23,133.34,145.57
2011-11-25,129.33,141.49
2011-11-28,126.05,137.85
2011-11-29,121.37,133.32
2011-11-30,121.72,133.36
2011-12-01,124.98,136.31
2011-12-02,121.56,132.71
2011-12-05,124.93,135.94
2011-12-06,120.29,131.31
2011-12-07,118.98,129.97
2011-12-08,120.08,130.97
2011-12-09,122.42,133.23
2011-12-12,121.0,131.9
2011-12-13,120.0,130.86
2011-12-14,119.7,130.65
2011-12-15,116.68,127.49
2011-12-16,118.22,129.09
2011-12-19,119.23,130.27
2011-12-20,118.66,129.72
2011-12-21,116.39,128.81
2011-12-22,116.43,128.79
2011-12-23,115.46,127.55
2011-12-27,114.86,126.78
2011-12-28,115.07,126.99
2011-12-29,118.62,130.62
2011-12-30,115.35,127.2
2012-01-03,116.29,127.91
2012-01-04,120.01,131.57
2012-01-05,118.05,129.33
2012-01-06,114.32,125.45
2012-01-09,114.22,125.24
2012-01-10,112.83,123.82
2012-01-11,115.04,125.94
2012-01-12,113.88,124.82
2012-01-13,114.01,125.24
2012-01-17,110.07,120.92
2012-01-18,110.45,121.51
2012-01-19,109.48,120.41
2012-01-20,109.97,120.77
2012-01-23,109.62,121.21
2012-01-24,110.68,122.25
2012-01-25,109.89,121.59
2012-01-26,113.94,125.72
2012-01-27,113.65,125.63
2012-01-30,114.57,126.56
2012-01-31,112.83,124.68
2012-02-01,108.89,120.91
2012-02-02,108.53,120.48
2012-02-03,107.6,119.14
2012-02-06,100.58,112.18
2012-02-07,98.36,109.75
2012-02-08,100.21,111.8
2012-02-09,101.29,112.74
2012-02-10,97.39,108.62
2012-02-13,97.51,108.44
2012-02-14,95.86,106.75
2012-02-15,95.18,105.77
2012-02-16,93.78,104.19
2012-02-17,94.33,104.73
2012-02-21,95.02,105.28
2012-02-22,95.53,106.31
2012-02-23,93.33,104.33
2012-02-24,93.7,104.64
2012-02-27,91.88,102.84
2012-02-28,91.08,101.82
2012-02-29,94.16,104.84
2012-03-01,98.25,108.91
2012-03-02,94.48,105.34
2012-03-05,95.96,106.61
2012-03-06,99.47,110.29
2012-03-07,97.58,108.29
2012-03-08,96.81,107.55
2012-03-09,97.81,108.44
2012-03-12,98.36,108.81
2012-03-13,96.26,106.56
2012-03-14,94.63,105.14
2012-03-15,92.22,102.79
2012-03-16,93.28,103.92
2012-03-19,89.25,99.52
2012-03-20,88.02,98.34
2012-03-21,88.89,100.12
2012-03-22,88.78,100.03
2012-03-23,86.47,97.82
2012-03-26,89.5,100.76
2012-03-27,89.88,101.13
2012-03-28,91.82,103.05
2012-03-29,96.16,107.12
2012-03-30,92.93,103.88
2012-04-02,93.35,104.08
2012-04-03,94.95,105.74
2012-04-04,93.15,103.84
2012-04-05,91.67,101.97
2012-04-09,92.88,102.89
2012-04-10,91.8,101.59
2012-04-11,90.81,100.56
2012-04-12,90.18,99.84
2012-04-13,91.59,101.29
2012-04-16,92.18,101.7
2012-04-17,88.92,98.3
2012-04-18,88.96,98.31
2012-04-19,89.6,98.96
2012-04-20,91.62,100.86
2012-04-23,88.68,98.53
2012-04-24,87.79,97.78
2012-04-25,86.12,96.01
2012-04-26,85.32,95.15
2012-04-27,83.01,92.6
2012-04-30,81.03,90.4
2012-05-01,82.69,92.25
2012-05-02,81.65,90.93
2012-05-03,79.0,88.24
2012-05-04,78.84,87.93
2012-05-07,79.01,88.14
2012-05-08,77.68,86.72
2012-05-09,78.32,87.36
2012-05-10,77.51,86.63
2012-05-11,78.88,88.02
2012-05-14,79.79,88.96
2012-05-15,78.12,87.14
2012-05-16,78.36,87.59
2012-05-17,82.09,91.01
2012-05-18,81.96,90.8
2012-05-21,82.67,91.51
2012-05-22,84.78,93.76
2012-05-23,86.0,95.4
2012-05-24,84.69,93.88
2012-05-25,83.21,92.47
2012-05-29,85.04,94.34
2012-05-30,86.58,95.79
2012-05-31,87.63,96.82
2012-06-01,89.24,98.44
2012-06-04,90.16,99.24
2012-06-05,88.24,97.47
2012-06-06,87.93,97.01
2012-06-07,90.36,99.67
2012-06-08,89.05,98.23
2012-06-11,90.26,99.54
2012-06-12,90.71,99.85
2012-06-13,87.32,96.38
2012-06-14,89.57,98.56
2012-06-15,89.47,98.46
2012-06-18,90.57,99.71
2012-06-19,89.98,98.9
2012-06-20,87.82,96.9
2012-06-21,87.14,96.22
2012-06-22,87.4,96.59
2012-06-25,89.19,98.11
2012-06-26,88.17,97.34
2012-06-27,91.56,100.62
2012-06-28,92.32,101.39
2012-06-29,92.28,101.34
2012-07-02,92.37,101.27
2012-07-03,92.86,101.75
2012-07-05,93.57,102.36
2012-07-06,92.93,101.69
2012-07-09,92.91,101.44
2012-07-10,96.31,105.0
2012-07-11,93.56,102.25
2012-07-12,94.12,103.01
2012-07-13,92.39,101.23
2012-07-16,89.97,98.93
2012-07-17,92.07,100.95
2012-07-18,89.65,98.65
2012-07-19,91.12,99.94
2012-07-20,90.02,99.06
2012-07-23,89.43,98.93
2012-07-24,88.96,98.38
2012-07-25,89.12,98.31
2012-07-26,92.44,101.74
2012-07-27,90.92,100.2
2012-07-30,90.77,99.87
2012-07-31,93.45,102.42
2012-08-01,93.19,102.36
2012-08-02,93.81,103.01
2012-08-03,97.8,106.8
2012-08-06,100.51,109.44
2012-08-07,101.71,110.69
2012-08-08,101.61,110.69
2012-08-09,101.73,110.94
2012-08-10,102.1,111.62
2012-08-13,101.46,111.0
2012-08-14,101.31,110.79
2012-08-15,104.39,114.0
2012-08-16,104.31,113.82
2012-08-17,106.68,116.11
2012-08-20,106.6,115.97
2012-08-21,107.57,116.79
2012-08-22,110.64,120.94
2012-08-23,111.43,121.53
2012-08-24,109.09,119.46
2012-08-27,108.7,118.88
2012-08-28,110.56,120.38
2012-08-29,111.14,121.0
2012-08-30,109.59,119.53
2012-08-31,111.25,121.05
2012-09-04,111.1,120.63
2012-09-05,112.01,121.56
2012-09-06,113.22,122.76
2012-09-07,113.26,122.77
2012-09-10,113.79,123.19
2012-09-11,115.84,125.02
2012-09-12,113.33,122.72
2012-09-13,112.23,121.53
2012-09-14,108.75,118.16
2012-09-17,110.44,119.76
2012-09-18,109.75,119.07
2012-09-19,110.32,119.67
2012-09-20,110.93,120.31
2012-09-21,104.65,115.21
2012-09-24,102.62,113.31
2012-09-25,99.33,110.23
2012-09-26,97.09,108.1
2012-09-27,98.83,109.93
2012-09-28,97.61,108.47
2012-10-01,98.36,108.96
2012-10-02,102.62,113.43
2012-10-03,103.37,113.99
2012-10-04,103.62,114.37
2012-10-05,101.93,112.59
2012-10-08,100.71,111.23
2012-10-09,101.33,111.83
2012-10-10,101.21,111.7
2012-10-11,100.73,111.13
2012-10-12,98.44,108.62
2012-10-15,98.7,108.7
2012-10-16,98.35,107.85
2012-10-17,96.02,105.38
2012-10-18,97.92,107.36
2012-10-19,96.77,106.25
2012-10-22,91.54,100.9
2012-10-23,91.19,101.42
2012-10-24,92.57,102.81
2012-10-25,94.14,104.31
2012-10-26,93.76,103.56
2012-10-29,94.52,103.96
2012-10-30,98.39,107.7
2012-10-31,100.38,109.62
2012-11-01,93.06,101.95
2012-11-02,93.16,101.89
2012-11-05,95.5,104.11
2012-11-06,94.23,102.86
2012-11-07,92.08,100.68
2012-11-08,93.9,102.28
2012-11-09,90.24,98.64
2012-11-12,89.28,97.72
2012-11-13,86.08,94.51
2012-11-14,87.25,96.0
2012-11-15,83.95,92.64
2012-11-16,82.79,91.4
2012-11-19,83.5,92.09
2012-11-20,80.49,90.13
2012-11-21,78.94,88.73
2012-11-23,77.41,87.09
2012-11-26,80.29,89.74
2012-11-27,79.74,89.16
2012-11-28,78.9,88.38
2012-11-29,81.78,91.04
2012-11-30,81.09,90.07
2012-12-03,79.32,88.34
2012-12-04,80.28,89.24
2012-12-05,78.53,87.22
2012-12-06,78.21,86.83
2012-12-07,79.2,87.75
2012-12-10,79.78,88.19
2012-12-11,76.9,85.36
2012-12-12,77.98,86.42
2012-12-13,77.7,86.33
2012-12-14,81.13,89.79
2012-12-17,82.45,91.17
2012-12-18,83.44,92.06
2012-12-19,82.17,90.82
2012-12-20,81.82,91.46
2012-12-21,81.54,90.98
2012-12-24,80.88,90.12
2012-12-26,79.39,88.71
2012-12-27,79.39,88.47
2012-12-28,81.89,90.91
2012-12-31,81.8,90.94
2013-01-02,78.39,87.28
2013-01-03,79.34,88.28
2013-01-04,81.45,90.32
2013-01-07,79.67,88.76
2013-01-08,79.39,88.41
2013-01-09,79.97,89.07
2013-01-10,79.98,88.97
2013-01-11,79.94,88.88
2013-01-14,79.75,88.53
2013-01-15,78.33,87.0
2013-01-16,76.01,84.73
2013-01-17,74.4,82.84
2013-01-18,74.9,83.23
2013-01-22,76.24,84.31
2013-01-23,74.22,82.73
2013-01-24,71.5,80.07
2013-01-25,73.46,81.74
2013-01-28,73.49,81.83
2013-01-29,73.4,81.77
2013-01-30,72.88,81.15
2013-01-31,72.31,80.62
2013-02-01,71.74,80.07
2013-02-04,70.57,78.7
2013-02-05,72.75,80.82
2013-02-06,73.55,81.62
2013-02-07,73.98,81.93
2013-02-08,74.61,82.63
2013-02-11,77.28,85.24
2013-02-12,74.75,82.62
2013-02-13,76.27,84.26
2013-02-14,78.28,86.22
2013-02-15,77.01,84.83
2013-02-19,73.85,81.33
2013-02-20,71.26,78.77
2013-02-21,70.12,77.72
2013-02-22,70.6,78.03
2013-02-25,71.82,79.09
2013-02-26,73.08,80.54
2013-02-27,72.39,79.76
2013-02-28,70.46,77.73
2013-03-01,71.0,78.14
2013-03-04,70.27,77.59
2013-03-05,71.08,78.11
2013-03-06,68.41,75.36
2013-03-07,67.68,74.45
2013-03-08,70.12,76.7
2013-03-11,71.36,77.87
2013-03-12,72.17,78.84
2013-03-13,73.59,80.18
2013-03-14,73.7,80.12
2013-03-15,73.74,79.88
2013-03-18,75.04,81.2
2013-03-19,71.23,77.39
2013-03-20,71.11,77.17
2013-03-21,71.58,77.78
2013-03-22,73.52,79.58
2013-03-25,74.63,80.6
2013-03-26,77.13,83.09
2013-03-27,78.79,84.71
2013-03-28,78.55,84.3
2013-04-01,81.2,87.07
2013-04-02,85.56,91.28
2013-04-03,86.76,92.39
2013-04-04,88.93,94.61
2013-04-05,89.62,95.18
2013-04-08,87.4,92.76
2013-04-09,86.46,91.75
2013-04-10,91.41,96.48
2013-04-11,88.02,93.12
2013-04-12,89.99,95.13
2013-04-15,89.02,94.26
2013-04-16,87.07,92.58
2013-04-17,88.73,94.45
2013-04-18,90.52,96.02
2013-04-19,92.48,98.17
2013-04-22,93.46,99.2
2013-04-23,92.68,98.11
2013-04-24,93.26,98.68
2013-04-25,97.29,102.8
2013-04-26,96.53,102.02
2013-04-29,97.27,102.92
2013-04-30,98.47,104.17
2013-05-01,94.83,100.39
2013-05-02,94.55,99.96
2013-05-03,95.75,101.09
2013-05-06,94.45,99.76
2013-05-07,93.86,99.35
2013-05-08,96.17,101.7
2013-05-09,99.34,104.78
2013-05-10,99.09,104.59
2013-05-13,99.55,104.82
2013-05-14,100.11,105.33
2013-05-15,102.07,107.39
2013-05-16,105.21,110.73
2013-05-17,104.16,109.6
2013-05-20,102.08,107.63
2013-05-21,101.6,107.21
2013-05-22,100.31,104.94
2013-05-23,100.07,104.67
2013-05-24,99.36,103.95
2013-05-28,99.31,103.93
2013-05-29,94.09,98.71
2013-05-30,94.86,99.67
2013-05-31,95.43,100.61
2013-06-03,95.67,100.77
2013-06-04,92.71,97.61
2013-06-05,93.03,97.86
2013-06-06,94.18,99.08
2013-06-07,95.58,100.9
2013-06-10,93.91,99.22
2013-06-11,93.78,99.17
2013-06-12,91.1,96.31
2013-06-13,92.94,98.22
2013-06-14,94.29,99.64
2013-06-17,95.14,100.4
2013-06-18,96.91,102.29
2013-06-19,100.37,106.01
2013-06-20,101.03,106.76
2013-06-21,103.2,109.02
2013-06-24,103.05,109.04
2013-06-25,104.54,110.41
2013-06-26,104.14,109.91
2013-06-27,100.13,105.89
2013-06-28,99.51,105.33
2013-07-01,103.46,109.3
2013-07-02,107.04,113.1
2013-07-03,104.24,110.2
2013-07-05,106.03,111.91
2013-07-08,104.41,110.16
2013-07-09,107.52,113.64
2013-07-10,107.86,113.72
2013-07-11,109.5,115.31
2013-07-12,108.92,114.4
2013-07-15,109.3,114.71
2013-07-16,111.43,116.89
2013-07-17,116.66,122.05
2013-07-18,113.39,118.58
2013-07-19,112.77,117.96
2013-07-22,112.87,117.97
2013-07-23,113.67,119.02
2013-07-24,116.34,121.5
2013-07-25,113.79,119.07
2013-07-26,117.55,122.63
2013-07-29,114.49,119.44
2013-07-30,118.39,123.31
2013-07-31,115.45,120.46
2013-08-01,111.04,116.25
2013-08-02,108.97,114.34
2013-08-05,107.14,112.77
2013-08-06,108.07,113.64
2013-08-07,104.36,110.08
2013-08-08,104.48,110.08
2013-08-09,102.04,107.55
2013-08-12,106.0,111.25
2013-08-13,106.82,112.24
2013-08-14,109.47,114.96
2013-08-15,107.66,113.01
2013-08-16,111.75,117.34
2013-08-19,113.77,118.88
2013-08-20,112.44,117.49
2013-08-21,113.86,118.98
2013-08-22,116.74,121.83
2013-08-23,114.89,119.72
2013-08-26,112.6,117.34
2013-08-27,111.11,115.97
2013-08-28,109.74,114.57
2013-08-29,107.6,112.43
2013-08-30,108.01,113.2
2013-09-03,110.72,115.86
2013-09-04,110.82,115.75
2013-09-05,112.15,116.98
2013-09-06,114.02,118.47
2013-09-09,115.46,119.89
2013-09-10,114.3,118.64
2013-09-11,114.06,118.33
2013-09-12,113.66,118.12
2013-09-13,112.13,116.37
2013-09-16,115.36,119.57
2013-09-17,116.33,120.47
2013-09-18,114.66,118.94
2013-09-19,117.46,121.66
2013-09-20,114.74,118.99
2013-09-23,112.64,117.1
2013-09-24,112.62,117.08
2013-09-25,118.47,123.04
2013-09-26,117.56,122.08
2013-09-27,116.8,121.73
2013-09-30,113.13,117.87
2013-10-01,111.9,116.78
2013-10-02,109.35,114.12
2013-10-03,107.9,112.54
2013-10-04,109.06,113.82
2013-10-07,112.21,117.05
2013-10-08,111.88,117.09
2013-10-09,110.96,116.21
2013-10-10,110.59,115.84
2013-10-11,111.17,116.53
2013-10-14,108.45,113.48
2013-10-15,111.37,116.35
2013-10-16,115.69,120.76
2013-10-17,118.1,123.4
2013-10-18,119.67,125.04
2013-10-21,123.88,129.04
2013-10-22,121.18,126.34
2013-10-23,115.65,121.6
2013-10-24,117.51,123.7
2013-10-25,115.53,121.75
2013-10-28,113.31,119.42
2013-10-29,111.99,118.14
2013-10-30,115.64,121.84
2013-10-31,115.89,122.01
2013-11-01,116.43,122.43
2013-11-04,115.37,121.22
2013-11-05,118.98,124.67
2013-11-06,120.67,126.33
2013-11-07,121.33,126.8
2013-11-08,121.12,126.51
2013-11-11,125.49,130.51
2013-11-12,128.63,133.65
2013-11-13,127.59,132.64
2013-11-14,125.34,130.41
2013-11-15,126.17,131.37
2013-11-18,129.04,134.09
2013-11-19,124.78,129.68
2013-11-20,126.79,131.4
2013-11-21,124.18,129.61
2013-11-22,123.55,128.94
2013-11-25,120.93,126.33
2013-11-26,122.47,127.67
2013-11-27,124.11,129.25
2013-11-29,122.21,127.72
2013-12-02,122.14,127.68
2013-12-03,123.39,129.09
2013-12-04,119.17,124.61
2013-12-05,116.98,122.5
2013-12-06,113.54,119.09
2013-12-09,114.88,120.29
2013-12-10,110.32,115.6
2013-12-11,108.93,114.21
2013-12-12,112.08,117.35
2013-12-13,109.89,114.96
2013-12-16,107.72,112.87
2013-12-17,111.01,116.04
2013-12-18,111.51,116.75
2013-12-19,115.77,120.96
2013-12-20,113.06,119.09
2013-12-23,112.22,118.21
2013-12-24,118.95,124.83
2013-12-26,125.07,130.99
2013-12-27,125.8,131.89
2013-12-30,124.45,130.55
2013-12-31,124.98,131.0
2014-01-02,125.33,131.15
2014-01-03,128.91,135.11
2014-01-06,130.26,136.33
2014-01-07,135.7,141.81
2014-01-08,139.15,145.32
2014-01-09,140.71,146.82
2014-01-10,146.4,152.26
2014-01-13,147.11,152.64
2014-01-14,150.54,156.18
2014-01-15,148.39,154.01
2014-01-16,150.72,156.32
2014-01-17,147.83,153.27
2014-01-21,147.16,152.44
2014-01-22,142.28,149.11
2014-01-23,139.18,145.96
2014-01-24,139.47,145.66
2014-01-27,139.65,145.78
2014-01-28,137.34,143.36
2014-01-29,133.76,139.64
2014-01-30,131.57,137.28
2014-01-31,129.8,135.33
2014-02-03,128.91,134.21
2014-02-04,126.53,131.83
2014-02-05,128.58,134.09
2014-02-06,127.83,133.27
2014-02-07,128.52,133.98
2014-02-10,124.88,130.36
2014-02-11,128.79,134.28
2014-02-12,124.69,129.97
2014-02-13,126.74,132.14
2014-02-14,132.46,137.61
2014-02-18,135.79,140.89
2014-02-19,133.92,138.79
2014-02-20,136.97,141.48
2014-02-21,134.78,139.58
2014-02-24,133.65,138.31
2014-02-25,132.79,137.58
2014-02-26,126.71,131.6
2014-02-27,126.07,130.97
2014-02-28,127.48,132.25
2014-03-03,131.35,136.18
2014-03-04,131.19,135.91
2014-03-05,133.68,138.13
2014-03-06,137.38,141.63
2014-03-07,134.4,138.93
2014-03-10,136.37,140.82
2014-03-11,133.19,137.6
2014-03-12,132.92,137.15
2014-03-13,131.87,136.21
2014-03-14,132.88,137.18
2014-03-17,134.17,138.45
2014-03-18,133.42,137.65
2014-03-19,133.86,138.24
2014-03-20,133.64,138.12
2014-03-21,130.23,135.21
2014-03-24,130.86,135.53
2014-03-25,128.3,132.89
2014-03-26,124.98,129.45
2014-03-27,124.49,129.02
2014-03-28,123.69,127.93
2014-03-31,122.39,126.55
2014-04-01,121.15,125.14
2014-04-02,123.4,127.17
2014-04-03,123.0,126.8
2014-04-04,120.33,124.39
2014-04-07,119.97,124.09
2014-04-08,124.33,128.46
2014-04-09,124.24,128.22
2014-04-10,123.48,127.31
2014-04-11,125.79,129.45
2014-04-14,126.6,130.35
2014-04-15,124.97,128.58
2014-04-16,125.22,128.82
2014-04-17,127.31,130.92
2014-04-21,126.78,130.15
2014-04-22,125.29,128.55
2014-04-23,123.81,127.05
2014-04-24,123.23,126.12
2014-04-25,126.36,129.01
2014-04-28,128.19,130.96
2014-04-29,124.65,127.81
2014-04-30,126.14,129.2
2014-05-01,129.04,132.02
2014-05-02,132.1,134.8
2014-05-05,126.47,129.14
2014-05-06,126.97,129.52
2014-05-07,126.59,129.29
2014-05-08,126.63,129.39
2014-05-09,125.4,128.23
2014-05-12,125.46,128.45
2014-05-13,123.67,126.58
2014-05-14,122.16,125.17
2014-05-15,123.95,126.76
2014-05-16,122.28,125.05
2014-05-19,121.35,124.04
2014-05-20,120.14,122.67
2014-05-21,117.74,119.76
2014-05-22,114.65,116.6
2014-05-23,112.45,114.41
2014-05-27,110.69,112.68
2014-05-28,112.56,114.58
2014-05-29,114.14,116.26
2014-05-30,115.83,117.84
2014-06-02,117.69,119.5
2014-06-03,117.12,118.9
2014-06-04,116.33,117.93
2014-06-05,110.33,111.91
2014-06-06,112.23,113.77
2014-06-09,110.94,112.72
2014-06-10,113.91,115.57
2014-06-11,115.54,117.04
2014-06-12,115.7,117.35
2014-06-13,121.06,122.63
2014-06-16,119.1,120.78
2014-06-17,114.29,115.86
2014-06-18,113.69,115.36
2014-06-19,117.91,119.5
2014-06-20,116.53,118.16
2014-06-23,114.11,115.18
2014-06-24,115.82,116.84
2014-06-25,117.19,118.29
2014-06-26,114.74,116.13
2014-06-27,116.29,117.81
2014-06-30,111.74,113.38
2014-07-01,113.01,114.71
2014-07-02,112.69,114.8
2014-07-03,112.54,114.63
2014-07-07,113.93,116.12
2014-07-08,112.96,115.2
2014-07-09,117.06,119.13
2014-07-10,112.39,114.57
2014-07-11,110.18,112.7
2014-07-14,107.92,110.5
2014-07-15,109.31,111.79
2014-07-16,104.49,107.17
2014-07-17,98.76,101.64
2014-07-18,96.94,100.02
2014-07-21,96.43,99.44
2014-07-22,97.41,100.53
2014-07-23,95.58,98.42
2014-07-24,94.21,97.11
2014-07-25,97.74,100.68
2014-07-28,99.79,102.46
2014-07-29,97.58,100.26
2014-07-30,95.07,97.79
2014-07-31,97.97,100.61
2014-08-01,96.98,99.49
2014-08-04,91.36,93.82
2014-08-05,91.73,94.51
2014-08-06,93.88,96.77
2014-08-07,90.46,93.61
2014-08-08,89.56,92.83
2014-08-11,90.98,94.31
2014-08-12,90.28,93.57
2014-08-13,90.26,93.5
2014-08-14,90.89,94.07
2014-08-15,95.44,98.66
2014-08-18,97.05,100.32
2014-08-19,97.91,101.21
2014-08-20,101.17,104.64
2014-08-21,101.62,104.92
2014-08-22,104.71,107.69
2014-08-25,103.22,106.1
2014-08-26,103.13,106.05
2014-08-27,101.17,104.15
2014-08-28,100.88,103.84
2014-08-29,102.87,105.86
2014-09-02,101.23,104.05
2014-09-03,104.54,107.57
2014-09-04,103.09,106.4
2014-09-05,100.1,103.28
2014-09-08,100.06,103.29
2014-09-09,98.9,102.31
2014-09-10,98.05,101.51
2014-09-11,100.03,103.37
2014-09-12,97.24,100.68
2014-09-15,95.57,99.18
2014-09-16,96.38,100.02
2014-09-17,90.94,94.47
2014-09-18,91.37,95.23
2014-09-19,91.96,96.03
2014-09-22,92.63,96.55
2014-09-23,92.71,96.42
2014-09-24,90.56,94.21
2014-09-25,87.18,90.75
2014-09-26,88.76,92.05
2014-09-29,86.56,89.93
2014-09-30,85.94,89.18
2014-10-01,87.64,91.04
2014-10-02,86.08,89.52
2014-10-03,87.28,90.67
2014-10-06,86.37,89.62
2014-10-07,89.19,92.29
2014-10-08,88.79,91.79
2014-10-09,86.11,88.95
2014-10-10,86.11,88.94
2014-10-13,86.7,89.79
2014-10-14,86.92,89.91
2014-10-15,84.39,87.19
2014-10-16,87.54,90.41
2014-10-17,88.44,91.46
2014-10-20,84.42,87.54
2014-10-21,82.85,85.95
2014-10-22,83.46,86.19
2014-10-23,81.52,84.32
2014-10-24,79.02,81.93
2014-10-27,76.84,79.87
2014-10-28,77.89,80.91
2014-10-29,76.02,79.04
2014-10-30,78.3,81.42
2014-10-31,80.14,83.24
2014-11-03,78.79,81.9
2014-11-04,80.16,83.37
2014-11-05,79.69,82.85
2014-11-06,76.94,80.16
2014-11-07,77.33,80.42
2014-11-10,73.02,76.3
2014-11-11,71.86,75.07
2014-11-12,72.61,75.88
2014-11-13,68.32,71.81
2014-11-14,69.03,72.59
2014-11-17,67.12,70.55
2014-11-18,65.75,68.84
2014-11-19,64.76,67.61
2014-11-20,64.18,66.99
2014-11-21,64.41,66.66
2014-11-24,62.99,65.24
2014-11-25,60.35,62.53
2014-11-26,59.32,61.44
2014-11-28,60.43,62.69
2014-12-01,60.91,62.87
2014-12-02,59.84,61.66
2014-12-03,57.92,59.51
2014-12-04,57.96,59.46
2014-12-05,58.06,59.44
2014-12-08,57.33,58.8
2014-12-09,57.21,58.77
2014-12-10,58.83,60.24
2014-12-11,61.2,62.55
2014-12-12,61.24,62.64
2014-12-15,60.23,61.8
2014-12-16,59.65,61.11
2014-12-17,57.88,59.16
2014-12-18,58.75,60.06
2014-12-19,58.42,59.69
2014-12-22,59.44,59.77
2014-12-23,59.87,59.81
2014-12-24,60.14,60.01
2014-12-26,61.8,61.48
2014-12-29,61.92,61.79
2014-12-30,61.88,62.07
2014-12-31,60.9,61.16
2015-01-02,60.84,61.54
2015-01-05,60.64,61.31
2015-01-06,60.95,61.63
2015-01-07,61.81,62.49
2015-01-08,61.9,62.64
2015-01-09,60.49,61.25
2015-01-12,57.75,58.46
2015-01-13,57.54,58.27
2015-01-14,57.79,58.61
2015-01-15,57.35,58.16
2015-01-16,56.17,57.13
2015-01-20,57.14,58.05
2015-01-21,56.24,56.44
2015-01-22,56.93,57.15
2015-01-23,56.16,56.41
2015-01-26,55.42,55.6
2015-01-27,57.07,57.4
2015-01-28,56.61,57.18
2015-01-29,55.59,56.31
2015-01-30,55.61,56.54
2015-02-02,57.01,58.07
2015-02-03,57.39,58.44
2015-02-04,57.46,58.67
2015-02-05,56.19,57.07
2015-02-06,57.38,58.37
2015-02-09,57.13,58.09
2015-02-10,58.1,59.23
2015-02-11,57.78,58.86
2015-02-12,56.83,57.98
2015-02-13,56.12,57.1
2015-02-17,55.86,57.09
2015-02-18,54.16,55.5
2015-02-19,53.89,55.45
2015-02-20,53.53,55.26
2015-02-23,54.5,55.33
2015-02-24,55.23,56.07
2015-02-25,55.41,56.21
2015-02-26,55.33,56.3
2015-02-27,57.56,58.44
2015-03-02,57.36,58.49
2015-03-03,58.05,59.46
2015-03-04,58.64,60.08
2015-03-05,58.61,59.95
2015-03-06,59.85,61.25
2015-03-09,59.25,60.82
2015-03-10,59.63,61.19
2015-03-11,58.0,59.66
2015-03-12,57.2,59.01
2015-03-13,57.15,58.9
2015-03-16,58.08,59.96
2015-03-17,58.1,59.89
2015-03-18,57.18,58.94
2015-03-19,59.4,61.26
2015-03-20,59.5,61.33
2015-03-23,59.62,59.88
2015-03-24,58.44,58.69
2015-03-25,56.1,56.65
2015-03-26,55.88,56.66
2015-03-27,57.52,58.0
2015-03-30,57.61,58.07
2015-03-31,58.22,58.59
2015-04-01,58.18,58.61
2015-04-02,57.97,58.51
2015-04-06,59.31,59.9
2015-04-07,60.3,61.06
2015-04-08,59.67,60.54
2015-04-09,59.1,60.0
2015-04-10,58.68,59.62
2015-04-13,59.43,60.52
2015-04-14,57.95,59.11
2015-04-15,55.38,56.56
2015-04-16,57.44,58.81
2015-04-17,56.1,57.58
2015-04-20,55.08,56.56
2015-04-21,53.03,54.52
2015-04-22,54.24,54.77
2015-04-23,52.91,53.34
2015-04-24,52.05,52.48
2015-04-27,52.77,53.44
2015-04-28,53.71,54.41
2015-04-29,52.83,53.5
2015-04-30,52.14,52.81
2015-05-01,51.93,52.71
2015-05-04,54.43,55.29
2015-05-05,57.66,58.32
2015-05-06,57.89,58.26
2015-05-07,58.9,59.2
2015-05-08,59.22,59.28
2015-05-11,59.51,59.56
2015-05-12,59.72,59.68
2015-05-13,58.98,58.99
2015-05-14,56.85,56.91
2015-05-15,58.74,58.75
2015-05-18,58.1,58.16
2015-05-19,58.09,58.17
2015-05-20,59.68,58.3
2015-05-21,59.88,58.54
2015-05-22,59.01,57.69
2015-05-26,59.17,58.2
2015-05-27,57.73,56.54
2015-05-28,59.14,58.01
2015-05-29,59.65,58.5
2015-06-01,59.89,58.83
2015-06-02,59.74,58.91
2015-06-03,57.96,57.21
2015-06-04,58.06,57.26
2015-06-05,57.73,56.95
2015-06-08,56.86,56.02
2015-06-09,55.01,54.11
2015-06-10,57.32,56.41
2015-06-11,57.32,56.56
2015-06-12,56.15,55.68
2015-06-15,56.19,55.79
2015-06-16,58.86,58.65
2015-06-17,57.07,56.82
2015-06-18,55.71,55.49
2015-06-19,55.04,54.85
2015-06-22,55.35,55.1
2015-06-23,59.7,57.92
2015-06-24,58.03,56.06
2015-06-25,58.15,56.23
2015-06-26,58.02,56.27
2015-06-29,55.63,54.11
2015-06-30,55.11,53.62
2015-07-01,54.9,53.61
2015-07-02,53.16,51.89
2015-07-06,53.47,52.43
2015-07-07,51.75,50.78
2015-07-08,52.19,51.04
2015-07-09,53.69,52.52
2015-07-10,53.6,52.61
2015-07-13,54.11,53.29
2015-07-14,54.58,54.1
2015-07-15,55.1,54.55
2015-07-16,55.91,55.44
2015-07-17,56.91,56.65
2015-07-20,55.12,55.12
2015-07-21,55.78,55.77
2015-07-22,57.94,56.55
2015-07-23,59.21,57.84
2015-07-24,57.21,55.85
2015-07-27,57.02,56.02
2015-07-28,57.59,56.67
2015-07-29,58.32,57.24
2015-07-30,57.42,56.56
2015-07-31,58.84,58.01
2015-08-03,57.88,56.91
2015-08-04,55.92,55.06
2015-08-05,56.08,55.33
2015-08-06,54.44,53.82
2015-08-07,56.93,56.18
2015-08-10,57.25,56.37
2015-08-11,58.06,56.96
2015-08-12,57.87,56.81
2015-08-13,55.93,54.81
2015-08-14,55.85,54.68
2015-08-17,55.5,54.26
2015-08-18,56.13,54.94
2015-08-19,56.62,55.67
2015-08-20,56.13,55.19
2015-08-21,54.98,53.07
2015-08-24,55.31,53.76
2015-08-25,55.81,54.37
2015-08-26,56.62,55.3
2015-08-27,58.16,56.63
2015-08-28,57.74,56.26
2015-08-31,58.56,57.42
2015-09-01,59.95,59.07
2015-09-02,59.97,59.03
2015-09-03,60.08,59.33
2015-09-04,60.41,59.77
2015-09-08,57.32,56.77
2015-09-09,57.47,57.03
2015-09-10,56.67,56.42
2015-09-11,56.99,56.69
2015-09-14,58.66,58.75
2015-09-15,57.84,57.83
2015-09-16,57.05,56.95
2015-09-17,57.77,57.6
2015-09-18,57.26,57.33
2015-09-21,56.78,56.99
2015-09-22,55.38,55.7
2015-09-23,56.79,55.85
2015-09-24,56.94,56.01
2015-09-25,55.97,54.92
2015-09-28,57.67,56.69
2015-09-29,58.18,57.44
2015-09-30,59.54,58.9
2015-10-01,59.34,58.78
2015-10-02,57.35,56.94
2015-10-05,56.01,55.62
2015-10-06,54.15,53.94
2015-10-07,53.66,53.54
2015-10-08,54.32,54.13
2015-10-09,52.97,53.07
2015-10-12,52.2,52.56
2015-10-13,52.7,52.89
2015-10-14,51.94,52.14
2015-10-15,52.15,52.5
2015-10-16,54.22,54.33
2015-10-19,54.3,54.58
2015-10-20,54.86,55.18
2015-10-21,54.97,54.06
2015-10-22,56.7,55.89
2015-10-23,58.24,57.5
2015-10-26,56.5,55.99
2015-10-27,56.71,56.48
2015-10-28,56.37,56.01
2015-10-29,56.66,56.36
2015-10-30,54.92,54.59
2015-11-02,55.25,55.06
2015-11-03,54.68,54.65
2015-11-04,53.51,53.55
2015-11-05,51.49,51.59
2015-11-06,49.57,49.8
2015-11-09,49.0,49.14
2015-11-10,49.31,49.47
2015-11-11,48.73,49.03
2015-11-12,49.07,49.05
2015-11-13,48.03,48.23
2015-11-16,46.87,47.34
2015-11-17,45.44,46.05
2015-11-18,44.94,45.6
2015-11-19,45.41,46.11
2015-11-20,45.74,46.62
2015-11-23,47.4,47.18
2015-11-24,49.2,48.96
2015-11-25,49.1,48.91
2015-11-27,50.36,50.31
2015-11-30,48.71,48.83
2015-12-01,49.61,49.79
2015-12-02,50.5,50.96
2015-12-03,49.58,50.0
2015-12-04,49.31,49.83
2015-12-07,48.51,49.19
2015-12-08,47.52,48.45
2015-12-09,47.38,48.54
2015-12-10,48.92,50.22
2015-12-11,48.36,49.69
2015-12-14,48.29,49.89
2015-12-15,51.42,53.1
2015-12-16,52.77,54.57
2015-12-17,51.12,53.14
2015-12-18,50.02,52.05
2015-12-21,48.98,51.17
2015-12-22,49.11,50.2
2015-12-23,49.1,50.34
2015-12-24,48.6,49.7
2015-12-28,46.77,48.1
2015-12-29,45.77,47.17
2015-12-30,45.27,46.7
2015-12-31,46.18,47.59
2016-01-04,46.55,48.01
2016-01-05,46.63,48.19
2016-01-06,44.9,46.61
2016-01-07,43.69,45.57
2016-01-08,44.38,46.41
2016-01-11,43.4,45.48
2016-01-12,44.55,46.68
2016-01-13,44.07,46.27
2016-01-14,44.6,46.82
2016-01-15,43.82,46.14
2016-01-19,43.53,46.05
2016-01-20,44.12,46.58
2016-01-21,44.95,46.26
2016-01-22,45.15,46.51
2016-01-25,44.75,46.43
2016-01-26,43.57,45.26
2016-01-27,44.69,46.59
2016-01-28,44.4,46.22
2016-01-29,43.31,45.17
2016-02-01,42.1,44.03
2016-02-02,41.38,43.42
2016-02-03,39.75,41.78
2016-02-04,41.07,42.99
2016-02-05,39.27,41.3
2016-02-08,39.71,41.84
2016-02-09,40.14,42.11
2016-02-10,39.9,42.08
2016-02-11,39.92,41.99
2016-02-12,41.66,43.55
2016-02-16,41.39,43.75
2016-02-17,40.17,42.63
2016-02-18,41.2,43.78
2016-02-19,41.76,44.27
2016-02-22,41.48,44.09
2016-02-23,42.52,44.07
2016-02-24,42.31,43.95
2016-02-25,41.13,42.78
2016-02-26,39.99,41.71
2016-02-29,39.72,41.7
2016-03-01,39.01,41.07
2016-03-02,40.39,42.35
2016-03-03,40.33,42.44
2016-03-04,40.12,42.59
2016-03-07,39.29,41.96
2016-03-08,39.88,42.39
2016-03-09,39.73,42.19
2016-03-10,39.11,41.68
2016-03-11,39.45,41.94
2016-03-14,38.58,41.27
2016-03-15,38.83,41.61
2016-03-16,38.8,41.49
2016-03-17,38.51,41.08
2016-03-18,38.84,41.77
2016-03-21,38.77,41.84
2016-03-22,41.58,43.27
2016-03-23,42.15,43.9
2016-03-24,43.18,45.0
2016-03-28,42.24,44.34
2016-03-29,41.66,43.72
2016-03-30,41.66,43.57
2016-03-31,41.85,43.66
2016-04-01,42.48,44.17
2016-04-04,42.67,44.84
2016-04-05,42.23,44.38
2016-04-06,40.03,42.21
2016-04-07,40.19,42.51
2016-04-08,39.4,41.82
2016-04-11,38.99,41.48
2016-04-12,38.68,41.33
2016-04-13,38.42,41.28
2016-04-14,36.72,39.49
2016-04-15,36.57,39.5
2016-04-18,36.66,39.84
2016-04-19,37.36,40.62
2016-04-20,37.69,41.1
2016-04-21,39.16,41.09
2016-04-22,41.05,43.22
2016-04-25,39.09,41.37
2016-04-26,39.43,41.82
2016-04-27,40.07,42.55
2016-04-28,39.42,42.06
2016-04-29,39.98,42.42
2016-05-02,40.44,43.12
2016-05-03,41.47,44.21
2016-05-04,42.12,44.84
2016-05-05,42.52,45.33
2016-05-06,41.91,44.82
2016-05-09,42.13,45.22
2016-05-10,41.18,44.3
2016-05-11,42.3,45.74
2016-05-12,41.44,44.8
2016-05-13,42.31,45.72
2016-05-16,42.02,45.44
2016-05-17,42.83,46.29
2016-05-18,44.23,47.69
2016-05-19,44.91,48.44
2016-05-20,43.57,47.02
2016-05-23,44.43,46.21
2016-05-24,45.04,46.71
2016-05-25,46.35,48.22
2016-05-26,45.7,47.67
2016-05-27,45.86,47.82
2016-05-31,45.02,47.33
2016-06-01,44.29,46.68
2016-06-02,45.25,47.67
2016-06-03,42.97,45.45
2016-06-06,42.4,45.16
2016-06-07,45.69,48.57
2016-06-08,44.91,47.92
2016-06-09,46.01,48.91
2016-06-10,44.83,47.83
2016-06-13,42.77,45.92
2016-06-14,43.87,47.08
2016-06-15,46.29,49.43
2016-06-16,46.48,49.79
2016-06-17,46.72,50.18
2016-06-20,45.4,49.06
2016-06-21,44.49,48.37
2016-06-22,46.65,48.81
2016-06-23,47.21,49.41
2016-06-24,47.86,50.07
2016-06-27,49.29,51.63
2016-06-28,49.46,51.57
2016-06-29,51.27,53.57
2016-06-30,50.17,52.5
2016-07-01,48.94,51.47
2016-07-05,49.09,51.74
2016-07-06,49.78,52.56
2016-07-07,51.6,54.25
2016-07-08,52.64,55.36
2016-07-11,51.51,54.4
2016-07-12,50.98,54.04
2016-07-13,50.71,53.81
2016-07-14,50.39,53.38
2016-07-15,51.9,54.71
2016-07-18,50.59,53.46
2016-07-19,51.17,54.19
2016-07-20,51.85,54.92
2016-07-21,53.0,53.93
2016-07-22,52.83,53.8
2016-07-25,52.94,54.2
2016-07-26,53.31,54.86
2016-07-27,53.47,55.17
2016-07-28,53.21,54.89
2016-07-29,52.0,53.68
2016-08-01,51.18,52.98
2016-08-02,51.94,53.91
2016-08-03,52.89,55.06
2016-08-04,52.28,54.63
2016-08-05,51.98,54.34
2016-08-08,53.59,55.95
2016-08-09,54.82,57.12
2016-08-10,55.69,57.95
2016-08-11,57.91,60.1
2016-08-12,57.69,60.05
2016-08-15,58.53,61.3
2016-08-16,56.95,59.93
2016-08-17,58.62,61.63
2016-08-18,58.77,61.81
2016-08-19,60.63,63.76
2016-08-22,61.47,64.89
2016-08-23,64.6,66.29
2016-08-24,64.31,65.9
2016-08-25,64.67,66.2
2016-08-26,65.37,66.92
2016-08-29,66.25,67.84
2016-08-30,64.75,66.49
2016-08-31,65.62,67.6
2016-09-01,66.29,68.08
2016-09-02,66.43,68.33
2016-09-06,68.3,70.28
2016-09-07,68.68,70.89
2016-09-08,71.57,73.63
2016-09-09,69.55,71.66
2016-09-12,70.43,72.9
2016-09-13,71.78,74.21
2016-09-14,69.84,72.23
2016-09-15,68.61,71.02
2016-09-16,67.39,69.91
2016-09-19,66.64,69.59
2016-09-20,68.51,71.61
2016-09-21,70.63,71.88
2016-09-22,67.1,68.72
2016-09-23,66.46,68.1
2016-09-26,64.92,66.7
2016-09-27,62.85,64.71
2016-09-28,64.25,66.24
2016-09-29,63.15,65.07
2016-09-30,64.44,66.27
2016-10-03,65.08,67.01
2016-10-04,65.06,67.16
2016-10-05,65.56,67.86
2016-10-06,63.73,65.91
2016-10-07,63.01,65.06
2016-10-10,62.82,65.33
2016-10-11,62.94,65.5
2016-10-12,62.77,65.29
2016-10-13,64.31,66.93
2016-10-14,63.6,66.27
2016-10-17,62.91,65.61
2016-10-18,62.51,65.33
2016-10-19,63.1,65.94
2016-10-20,63.52,66.44
2016-10-21,65.11,66.04
2016-10-24,66.21,67.51
2016-10-25,67.37,68.59
2016-10-26,67.36,68.64
2016-10-27,69.38,70.68
2016-10-28,71.78,73.11
2016-10-31,72.81,74.26
2016-11-01,73.7,75.27
2016-11-02,70.02,71.71
2016-11-03,73.28,74.82
2016-11-04,73.6,75.2
2016-11-07,73.63,75.43
2016-11-08,71.85,73.73
2016-11-09,74.63,76.57
2016-11-10,76.72,78.59
2016-11-11,78.34,80.21
2016-11-14,76.43,78.55
2016-11-15,76.72,78.79
2016-11-16,77.7,80.08
2016-11-17,78.16,80.52
2016-11-18,79.95,82.4
2016-11-21,81.04,83.87
2016-11-22,82.85,83.67
2016-11-23,81.94,82.77
2016-11-25,83.09,83.7
2016-11-28,85.11,85.84
2016-11-29,84.38,85.48
2016-11-30,83.45,84.65
2016-12-01,81.24,82.31
2016-12-02,77.9,79.12
2016-12-05,76.32,77.69
2016-12-06,76.04,77.78
2016-12-07,75.08,76.82
2016-12-08,76.2,78.0
2016-12-09,73.92,75.91
2016-12-12,73.19,75.05
2016-12-13,72.38,74.4
2016-12-14,71.12,73.32
2016-12-15,68.82,71.15
2016-12-16,69.23,71.78
2016-12-19,69.1,71.83
2016-12-20,69.64,72.45
2016-12-21,74.8,75.75
2016-12-22,75.35,76.36
2016-12-23,71.67,72.5
2016-12-27,74.17,75.03
2016-12-28,74.57,75.62
2016-12-29,75.15,76.24
2016-12-30,78.64,80.01
2017-01-03,78.79,80.32
2017-01-04,78.7,79.93
2017-01-05,80.01,81.39
2017-01-06,82.88,84.25
2017-01-09,85.6,86.91
2017-01-10,83.11,84.52
2017-01-11,83.36,84.92
2017-01-12,83.33,84.98
2017-01-13,83.32,85.14
2017-01-17,83.74,85.79
2017-01-18,83.49,85.49
2017-01-19,82.13,84.63
2017-01-20,85.37,87.78
2017-01-23,91.4,91.99
2017-01-24,91.55,92.1
2017-01-25,90.34,90.93
2017-01-26,92.57,93.35
2017-01-27,93.6,94.71
2017-01-30,97.8,99.02
2017-01-31,102.3,103.21
2017-02-01,103.78,104.85
2017-02-02,107.5,108.84
2017-02-03,107.59,108.79
2017-02-06,105.72,107.23
2017-02-07,107.61,108.89
2017-02-08,104.2,105.66
2017-02-09,101.7,103.24
2017-02-10,104.18,105.53
2017-02-13,104.35,105.91
2017-02-14,105.59,107.24
2017-02-15,105.16,106.96
2017-02-16,105.12,106.95
2017-02-17,109.85,111.89
2017-02-21,109.72,112.08
2017-02-22,108.18,108.72
2017-02-23,106.93,107.6
2017-02-24,105.84,106.67
2017-02-27,104.76,105.65
2017-02-28,106.85,107.82
2017-03-01,107.1,108.21
2017-03-02,103.14,104.21
2017-03-03,98.49,99.65
2017-03-06,98.02,99.43
2017-03-07,99.36,100.86
2017-03-08,103.62,105.15
2017-03-09,100.8,102.47
2017-03-10,102.86,104.46
2017-03-13,104.41,106.02
2017-03-14,105.21,107.22
2017-03-15,103.51,105.33
2017-03-16,99.31,101.3
2017-03-17,99.06,101.18
2017-03-20,97.41,99.57
2017-03-21,93.84,95.77
2017-03-22,99.37,99.11
2017-03-23,100.15,99.94
2017-03-24,99.82,99.53
2017-03-27,100.99,100.82
2017-03-28,101.03,100.9
2017-03-29,99.27,99.27
2017-03-30,98.31,98.41
2017-03-31,98.85,99.13
2017-04-03,98.27,98.73
2017-04-04,95.4,95.88
2017-04-05,94.58,95.18
2017-04-06,97.5,98.13
2017-04-07,99.38,100.16
2017-04-10,97.64,98.72
2017-04-11,97.33,98.37
2017-04-12,97.31,98.45
2017-04-13,97.23,98.43
2017-04-17,93.95,95.5
2017-04-18,91.28,92.99
2017-04-19,89.69,91.28
2017-04-20,89.83,91.63
2017-04-21,92.58,92.69
2017-04-24,89.55,89.8
2017-04-25,90.5,90.75
2017-04-26,89.13,89.54
2017-04-27,87.66,88.1
2017-04-28,87.56,87.77
2017-05-01,88.82,89.09
2017-05-02,88.28,88.31
2017-05-03,88.82,88.85
2017-05-04,87.73,87.97
2017-05-05,84.89,85.33
2017-05-08,84.29,84.96
2017-05-09,86.94,87.5
2017-05-10,88.85,89.13
2017-05-11,90.13,90.54
2017-05-12,88.5,88.87
2017-05-15,89.18,89.98
2017-05-16,90.69,91.71
2017-05-17,91.89,93.02
2017-05-18,90.44,91.67
2017-05-19,91.17,92.3
2017-05-22,93.46,94.56
2017-05-23,96.13,95.3
2017-05-24,98.38,97.75
2017-05-25,97.01,96.42
2017-05-26,92.53,92.29
2017-05-30,93.87,93.71
2017-05-31,93.99,93.78
2017-06-01,93.19,93.13
2017-06-02,91.48,91.36
2017-06-05,91.86,92.06
2017-06-06,93.95,94.18
2017-06-07,89.78,89.84
2017-06-08,91.26,91.04
2017-06-09,92.27,91.93
2017-06-12,91.52,91.24
2017-06-13,89.07,88.79
2017-06-14,90.73,90.49
2017-06-15,90.86,90.54
2017-06-16,91.09,90.74
2017-06-19,92.35,91.93
2017-06-20,92.92,92.47
2017-06-21,95.8,93.89
2017-06-22,100.09,98.13
2017-06-23,100.1,98.29
2017-06-26,99.69,98.14
2017-06-27,96.99,95.16
2017-06-28,97.09,95.19
2017-06-29,96.48,94.71
2017-06-30,94.79,93.22
2017-07-03,96.71,95.59
2017-07-05,96.55,95.64
2017-07-06,96.24,95.51
2017-07-07,98.81,98.17
2017-07-10,97.71,97.24
2017-07-11,96.51,96.19
2017-07-12,96.69,96.59
2017-07-13,93.11,93.2
2017-07-14,93.4,93.59
2017-07-17,93.73,93.87
2017-07-18,94.34,94.43
2017-07-19,95.14,95.36
2017-07-20,95.7,96.23
2017-07-21,96.36,95.32
2017-07-24,95.07,93.75
2017-07-25,94.0,92.58
2017-07-26,94.67,93.37
2017-07-27,92.67,91.51
2017-07-28,92.78,91.59
2017-07-31,92.67,91.55
2017-08-01,92.03,90.91
2017-08-02,90.21,89.12
2017-08-03,90.0,89.06
2017-08-04,90.18,89.5
2017-08-07,86.93,86.58
2017-08-08,86.33,85.98
2017-08-09,89.76,89.3
2017-08-10,89.4,89.07
2017-08-11,87.0,86.94
2017-08-14,89.86,89.92
2017-08-15,88.21,88.42
2017-08-16,89.23,89.48
2017-08-17,87.68,87.99
2017-08-18,88.24,88.77
2017-08-21,90.61,90.95
2017-08-22,92.84,93.18
2017-08-23,92.35,91.57
2017-08-24,91.58,90.93
2017-08-25,90.42,89.85
2017-08-28,91.22,90.79
2017-08-29,96.63,96.23
2017-08-30,96.72,96.26
2017-08-31,96.94,96.69
2017-09-01,95.23,95.22
2017-09-05,94.08,94.03
2017-09-06,95.26,95.32
2017-09-07,96.04,96.21
2017-09-08,94.36,94.55
2017-09-11,95.11,95.24
2017-09-12,92.56,92.63
2017-09-13,94.76,94.97
2017-09-14,94.77,95.02
2017-09-15,96.24,96.54
2017-09-18,95.06,95.35
2017-09-19,97.82,97.95
2017-09-20,93.97,94.14
2017-09-21,89.23,88.77
2017-09-22,90.86,90.51
2017-09-25,93.88,93.54
2017-09-26,93.33,93.02
2017-09-27,90.76,90.64
2017-09-28,92.02,92.03
2017-09-29,90.21,90.65
2017-10-02,93.17,93.55
2017-10-03,94.86,95.3
2017-10-04,95.29,95.61
2017-10-05,97.34,97.78
2017-10-06,95.96,96.48
2017-10-09,94.49,95.02
2017-10-10,97.46,98.1
2017-10-11,98.63,99.25
2017-10-12,99.04,99.58
2017-10-13,98.83,99.51
2017-10-16,98.22,98.92
2017-10-17,96.21,97.06
2017-10-18,99.01,99.93
2017-10-19,100.45,101.37
2017-10-20,98.76,99.85
2017-10-23,99.25,100.4
2017-10-24,97.39,98.26
2017-10-25,98.98,99.87
2017-10-26,98.8,99.59
2017-10-27,103.81,104.68
2017-10-30,109.86,110.78
2017-10-31,109.78,110.86
2017-11-01,110.31,111.44
2017-11-02,109.92,110.83
2017-11-03,110.11,111.11
2017-11-06,109.64,110.37
2017-11-07,109.46,110.26
2017-11-08,105.26,105.93
2017-11-09,103.47,104.26
2017-11-10,101.35,102.04
2017-11-13,105.38,106.18
2017-11-14,103.45,104.47
2017-11-15,101.14,102.07
2017-11-16,98.26,99.08
2017-11-17,95.46,96.39
2017-11-20,94.63,95.52
2017-11-21,91.67,92.21
2017-11-22,89.16,89.72
2017-11-24,89.81,90.35
2017-11-27,85.21,85.84
2017-11-28,84.43,85.16
2017-11-29,87.71,88.35
2017-11-30,86.7,87.28
2017-12-01,88.57,89.26
2017-12-04,90.25,90.78
2017-12-05,90.26,90.75
2017-12-06,94.06,94.62
2017-12-07,96.67,97.45
2017-12-08,93.45,94.27
2017-12-11,90.83,91.88
2017-12-12,88.81,89.72
2017-12-13,90.58,91.62
2017-12-14,92.1,93.27
2017-12-15,91.4,92.74
2017-12-18,92.3,93.8
2017-12-19,88.44,89.98
2017-12-20,88.59,89.79
2017-12-21,88.28,89.56
2017-12-22,88.1,89.4
2017-12-26,91.29,92.36
2017-12-27,89.94,91.01
2017-12-28,91.08,91.99
2017-12-29,91.94,93.0
2018-01-02,94.04,95.17
2018-01-03,92.85,94.06
2018-01-04,89.83,90.98
2018-01-05,87.01,88.44
2018-01-08,90.58,91.95
2018-01-09,87.18,88.46
2018-01-10,86.72,87.88
2018-01-11,85.8,87.03
2018-01-12,86.89,87.95
2018-01-16,87.59,88.77
2018-01-17,88.39,89.76
2018-01-18,88.81,90.33
2018-01-19,89.28,90.86
2018-01-22,90.07,91.65
2018-01-23,88.74,90.3
2018-01-24,87.52,88.87
2018-01-25,87.47,88.76
2018-01-26,88.73,90.08
2018-01-29,86.74,88.13
2018-01-30,86.11,87.45
2018-01-31,86.99,88.21
2018-02-01,85.6,86.9
2018-02-02,84.6,86.17
2018-02-05,85.5,87.12
2018-02-06,84.28,85.79
2018-02-07,85.99,87.6
2018-02-08,85.57,87.21
2018-02-09,82.72,84.43
2018-02-12,88.24,89.97
2018-02-13,87.27,89.06
2018-02-14,85.2,86.89
2018-02-15,86.89,88.93
2018-02-16,89.07,91.18
2018-02-20,88.31,90.34
2018-02-21,89.06,90.96
2018-02-22,87.66,89.55
2018-02-23,92.6,94.51
2018-02-26,91.75,93.64
2018-02-27,92.04,93.98
2018-02-28,92.86,94.57
2018-03-01,90.88,92.59
2018-03-02,90.51,92.29
2018-03-05,90.86,92.98
2018-03-06,93.6,95.68
2018-03-07,95.34,97.33
2018-03-08,96.42,98.34
2018-03-09,95.62,97.14
2018-03-12,95.52,96.94
2018-03-13,96.73,98.25
2018-03-14,93.14,94.75
2018-03-15,91.71,93.42
2018-03-16,91.79,93.52
2018-03-19,90.89,92.56
2018-03-20,91.03,92.52
2018-03-21,88.64,90.56
2018-03-22,89.46,91.23
2018-03-23,89.83,91.73
2018-03-26,90.41,92.31
2018-03-27,89.35,91.29
2018-03-28,91.31,93.25
2018-03-29,93.97,95.92
2018-04-02,94.77,96.85
2018-04-03,98.52,100.74
2018-04-04,100.52,102.63
2018-04-05,99.31,101.27
2018-04-06,101.78,103.81
2018-04-09,103.34,105.44
2018-04-10,103.76,106.01
2018-04-11,102.48,104.65
2018-04-12,103.53,105.73
2018-04-13,107.45,109.62
2018-04-16,106.54,108.67
2018-04-17,107.31,109.39
2018-04-18,106.25,108.41
2018-04-19,108.3,110.34
2018-04-20,110.83,112.91
2018-04-23,107.16,109.27
2018-04-24,105.8,107.92
2018-04-25,108.63,110.98
2018-04-26,110.52,113.05
2018-04-27,107.5,110.34
2018-04-30,109.44,112.37
2018-05-01,108.73,111.62
2018-05-02,107.16,109.99
2018-05-03,104.02,106.9
2018-05-04,105.19,108.05
2018-05-07,104.77,107.78
2018-05-08,105.54,108.4
2018-05-09,105.46,108.24
2018-05-10,104.41,107.28
2018-05-11,103.17,105.93
2018-05-14,103.33,106.13
2018-05-15,102.37,105.08
2018-05-16,105.61,108.01
2018-05-17,105.84,108.22
2018-05-18,108.67,111.03
2018-05-21,110.03,112.46
2018-05-22,107.16,109.73
2018-05-23,108.37,111.26
2018-05-24,109.49,112.21
2018-05-25,112.75,115.57
2018-05-29,111.38,114.29
2018-05-30,110.07,113.11
2018-05-31,109.23,111.96
2018-06-01,110.08,112.97
2018-06-04,107.7,110.56
2018-06-05,107.33,110.12
2018-06-06,102.95,105.48
2018-06-07,102.64,105.25
2018-06-08,104.3,107.04
2018-06-11,102.4,105.43
2018-06-12,101.06,104.14
2018-06-13,100.32,103.29
2018-06-14,97.77,100.82
2018-06-15,97.92,101.02
2018-06-18,96.89,99.86
2018-06-19,98.21,101.17
2018-06-20,97.77,100.72
2018-06-21,98.49,101.96
2018-06-22,100.76,104.3
2018-06-25,99.73,103.37
2018-06-26,100.61,104.23
2018-06-27,100.89,104.54
2018-06-28,101.38,104.82
2018-06-29,101.85,105.48
2018-07-02,104.3,107.79
2018-07-03,105.65,109.06
2018-07-05,108.74,112.02
2018-07-06,108.47,111.87
2018-07-09,113.63,117.18
2018-07-10,116.0,119.41
2018-07-11,119.69,123.18
2018-07-12,119.34,122.9
2018-07-13,118.88,122.58
2018-07-16,121.18,124.79
2018-07-17,121.95,125.55
2018-07-18,119.55,123.26
2018-07-19,120.54,124.16
2018-07-20,119.72,123.2
2018-07-23,121.02,125.16
2018-07-24,120.62,124.75
2018-07-25,122.92,126.96
2018-07-26,125.32,129.27
2018-07-27,128.6,132.62
2018-07-30,126.28,130.18
2018-07-31,124.18,127.83
2018-08-01,124.78,128.33
2018-08-02,128.93,132.76
2018-08-03,130.53,134.9
2018-08-06,131.26,135.71
2018-08-07,128.23,132.48
2018-08-08,127.76,131.89
2018-08-09,129.14,133.13
2018-08-10,131.08,135.14
2018-08-13,134.18,138.03
2018-08-14,134.8,138.46
2018-08-15,134.82,138.31
2018-08-16,134.35,137.68
2018-08-17,137.11,140.47
2018-08-20,142.31,145.66
2018-08-21,137.84,141.09
2018-08-22,140.43,144.94
2018-08-23,141.87,146.36
2018-08-24,145.98,150.27
2018-08-27,148.55,152.69
2018-08-28,150.05,154.16
2018-08-29,147.48,151.33
2018-08-30,147.92,151.83
2018-08-31,146.75,150.75
2018-09-04,144.81,148.69
2018-09-05,143.85,147.68
2018-09-06,143.93,147.83
2018-09-07,140.13,143.87
2018-09-10,139.03,142.74
2018-09-11,136.95,140.7
2018-09-12,131.97,135.75
2018-09-13,133.77,137.08
2018-09-14,135.13,138.42
2018-09-17,134.58,137.77
2018-09-18,138.72,141.91
2018-09-19,139.17,142.13
2018-09-20,135.79,138.69
2018-09-21,129.53,133.46
2018-09-24,134.83,138.63
2018-09-25,132.22,136.09
2018-09-26,125.92,129.88
2018-09-27,120.96,124.84
2018-09-28,122.28,126.08
2018-10-01,120.66,124.6
2018-10-02,112.44,116.28
2018-10-03,113.9,117.76
2018-10-04,113.96,117.49
2018-10-05,114.12,117.73
2018-10-08,115.15,118.74
2018-10-09,115.73,119.16
2018-10-10,115.68,118.92
2018-10-11,111.22,114.35
2018-10-12,108.21,111.2
2018-10-15,109.55,112.42
2018-10-16,107.85,110.8
2018-10-17,104.89,107.78
2018-10-18,102.42,105.46
2018-10-19,103.15,106.39
2018-10-22,102.02,105.13
2018-10-23,101.08,105.23
2018-10-24,99.98,104.02
2018-10-25,98.07,102.14
2018-10-26,101.3,105.15
2018-10-29,99.92,103.73
2018-10-30,100.65,104.42
2018-10-31,99.39,103.21
2018-11-01,98.97,103.04
2018-11-02,98.44,102.47
2018-11-05,100.44,104.48
2018-11-06,102.27,106.45
2018-11-07,98.27,102.47
2018-11-08,101.1,105.21
2018-11-09,96.29,100.3
2018-11-12,93.62,97.49
2018-11-13,90.75,94.44
2018-11-14,88.13,91.88
2018-11-15,89.03,92.81
2018-11-16,88.25,91.98
2018-11-19,85.23,88.79
2018-11-20,85.57,89.95
2018-11-21,82.35,86.68
2018-11-23,82.07,86.37
2018-11-26,81.26,85.38
2018-11-27,81.25,85.42
2018-11-28,80.13,84.29
2018-11-29,80.26,84.28
2018-11-30,80.21,84.03
2018-12-03,79.65,83.23
2018-12-04,80.69,84.6
2018-12-05,80.43,84.77
2018-12-06,83.86,87.99
2018-12-07,83.26,87.27
2018-12-10,81.71,85.72
2018-12-11,78.6,82.65
2018-12-12,75.56,79.75
2018-12-13,73.83,78.04
2018-12-14,74.87,78.94
2018-12-17,75.27,79.38
2018-12-18,74.3,78.34
2018-12-19,72.78,76.89
2018-12-20,71.04,75.67
2018-12-21,71.73,76.1
2018-12-24,68.79,73.05
2018-12-26,71.29,75.46
2018-12-27,69.55,73.59
2018-12-28,70.25,74.39
2018-12-31,71.11,74.97
2019-01-02,72.57,76.63
2019-01-03,71.73,75.7
2019-01-04,72.35,76.18
2019-01-07,74.05,77.67
2019-01-08,74.81,78.33
2019-01-09,74.53,77.99
2019-01-10,75.61,79.1
2019-01-11,75.87,79.48
2019-01-14,76.04,79.65
2019-01-15,74.48,78.34
2019-01-16,73.76,77.78
2019-01-17,75.21,79.14
2019-01-18,74.54,78.22
2019-01-22,76.4,80.12
2019-01-23,77.99,82.33
2019-01-24,79.29,83.46
2019-01-25,77.81,82.02
2019-01-28,77.05,81.41
2019-01-29,76.29,80.61
2019-01-30,74.93,79.18
2019-01-31,72.23,76.42
2019-02-01,73.11,76.81
2019-02-04,70.95,74.56
2019-02-05,70.36,73.87
2019-02-06,71.84,75.35
2019-02-07,72.93,76.65
2019-02-08,73.78,77.48
2019-02-11,75.45,79.01
2019-02-12,74.6,78.25
2019-02-13,73.2,76.87
2019-02-14,72.51,76.1
2019-02-15,71.2,74.58
2019-02-19,72.35,75.74
2019-02-20,73.37,76.7
2019-02-21,73.39,77.0
2019-02-22,73.84,77.16
2019-02-25,76.57,79.8
2019-02-26,76.4,79.52
2019-02-27,76.55,79.75
2019-02-28,75.55,78.69
2019-03-01,75.06,78.14
2019-03-04,71.46,74.5
2019-03-05,73.6,76.55
2019-03-06,73.55,76.39
2019-03-07,73.65,76.47
2019-03-08,74.27,77.01
2019-03-11,73.34,76.12
2019-03-12,74.85,77.54
2019-03-13,74.39,76.95
2019-03-14,73.85,76.45
2019-03-15,73.3,75.77
2019-03-18,73.71,76.22
2019-03-19,72.03,74.69
2019-03-20,71.8,74.44
2019-03-21,73.32,75.95
2019-03-22,73.52,76.22
2019-03-25,72.68,75.34
2019-03-26,70.39,73.13
2019-03-27,71.61,74.27
2019-03-28,73.01,75.75
2019-03-29,72.52,75.29
2019-04-01,72.6,75.33
2019-04-02,74.33,76.79
2019-04-03,76.67,79.25
2019-04-04,77.1,79.71
2019-04-05,75.89,78.08
2019-04-08,73.51,75.78
2019-04-09,71.37,73.75
2019-04-10,70.72,73.04
2019-04-11,72.18,74.57
2019-04-12,70.95,73.47
2019-04-15,69.91,72.3
2019-04-16,67.81,70.24
2019-04-17,67.52,70.15
2019-04-18,65.1,67.67
2019-04-22,63.52,66.09
2019-04-23,61.3,63.58
2019-04-24,62.86,64.89
2019-04-25,62.11,64.12
2019-04-26,63.77,65.81
2019-04-29,65.49,67.55
2019-04-30,63.39,65.63
2019-05-01,64.32,66.58
2019-05-02,63.47,65.88
2019-05-03,65.4,67.72
2019-05-06,65.74,67.95
2019-05-07,66.14,68.01
2019-05-08,67.02,68.96
2019-05-09,66.73,68.7
2019-05-10,66.28,68.28
2019-05-13,66.58,68.55
2019-05-14,68.89,70.81
2019-05-15,68.09,69.97
2019-05-16,65.88,67.79
2019-05-17,63.91,65.94
2019-05-20,61.29,63.5
2019-05-21,61.12,63.22
2019-05-22,61.9,63.54
2019-05-23,62.07,63.89
2019-05-24,61.03,62.75
2019-05-28,59.39,61.32
2019-05-29,60.72,62.68
2019-05-30,58.59,60.75
2019-05-31,58.03,60.23
2019-06-03,57.35,59.46
2019-06-04,58.01,60.23
2019-06-05,60.74,62.85
2019-06-06,61.01,63.1
2019-06-07,60.82,63.05
2019-06-10,62.0,64.3
2019-06-11,62.23,64.43
2019-06-12,61.51,63.55
2019-06-13,61.34,63.27
2019-06-14,59.74,61.63
2019-06-17,58.55,60.52
2019-06-18,58.55,60.59
2019-06-19,59.85,61.91
2019-06-20,61.96,64.05
2019-06-21,63.86,65.25
2019-06-24,63.85,65.27
2019-06-25,61.72,63.32
2019-06-26,59.49,61.29
2019-06-27,60.22,62.11
2019-06-28,60.93,62.58
2019-07-01,62.35,64.07
2019-07-02,60.53,62.47
2019-07-03,60.1,61.97
2019-07-05,59.22,61.23
2019-07-08,57.51,59.47
2019-07-09,57.26,59.19
2019-07-10,58.78,60.94
2019-07-11,58.6,60.67
2019-07-12,59.72,61.86
2019-07-15,59.43,61.68
2019-07-16,61.46,63.73
2019-07-17,62.61,65.03
2019-07-18,64.93,67.26
2019-07-19,65.23,67.72
2019-07-22,65.45,68.06
2019-07-23,64.63,66.85
2019-07-24,66.94,69.27
2019-07-25,65.43,68.14
2019-07-26,64.35,67.28
2019-07-29,65.61,68.71
2019-07-30,65.2,68.31
2019-07-31,66.57,69.66
2019-08-01,64.48,67.45
2019-08-02,66.19,69.11
2019-08-05,65.91,68.71
2019-08-06,65.4,68.13
2019-08-07,68.36,71.32
2019-08-08,68.12,71.18
2019-08-09,64.97,68.41
2019-08-12,66.67,70.33
2019-08-13,65.58,69.35
2019-08-14,64.04,67.89
2019-08-15,62.84,66.36
2019-08-16,62.2,65.57
2019-08-19,61.57,65.0
2019-08-20,61.18,64.8
2019-08-21,61.43,64.62
2019-08-22,61.35,64.53
2019-08-23,60.73,64.02
2019-08-26,59.46,62.7
2019-08-27,60.86,64.0
2019-08-28,59.22,62.5
2019-08-29,59.19,62.62
2019-08-30,57.61,60.88
2019-09-03,56.11,59.5
2019-09-04,54.05,57.48
2019-09-05,52.83,56.21
2019-09-06,53.71,57.0
2019-09-09,54.13,57.57
2019-09-10,54.65,58.08
2019-09-11,53.63,57.09
2019-09-12,52.75,56.14
2019-09-13,51.42,54.77
2019-09-16,50.84,53.92
2019-09-17,51.81,55.06
2019-09-18,51.59,54.9
2019-09-19,51.6,54.91
2019-09-20,51.17,54.76
2019-09-23,50.83,54.52
2019-09-24,50.68,54.15
2019-09-25,48.33,51.84
2019-09-26,48.75,52.31
2019-09-27,48.34,51.83
2019-09-30,47.82,51.16
2019-10-01,48.49,51.83
2019-10-02,47.72,50.97
2019-10-03,47.4,50.67
2019-10-04,46.34,49.57
2019-10-07,46.12,49.33
2019-10-08,45.48,48.67
2019-10-09,45.15,48.46
2019-10-10,44.89,48.27
2019-10-11,44.92,48.38
2019-10-14,45.25,48.68
2019-10-15,45.45,48.96
2019-10-16,44.05,47.61
2019-10-17,45.22,48.69
2019-10-18,46.12,49.45
2019-10-21,46.26,49.57
2019-10-22,46.77,50.04
2019-10-23,47.51,50.56
2019-10-24,46.77,49.71
2019-10-25,47.12,50.16
2019-10-28,46.61,49.7
2019-10-29,45.86,48.91
2019-10-30,47.05,50.01
2019-10-31,47.27,50.36
2019-11-01,48.63,51.89
2019-11-04,48.88,52.17
2019-11-05,48.41,51.42
2019-11-06,49.28,52.24
2019-11-07,49.2,52.14
2019-11-08,49.74,52.65
2019-11-11,47.75,50.54
2019-11-12,49.24,51.97
2019-11-13,48.11,51.01
2019-11-14,47.95,50.53
2019-11-15,47.41,50.2
2019-11-18,47.67,50.53
2019-11-19,48.92,51.7
2019-11-20,47.93,50.74
2019-11-21,45.66,48.39
2019-11-22,44.66,47.41
2019-11-25,43.83,46.65
2019-11-26,44.69,47.51
2019-11-27,45.4,48.4
2019-11-29,45.85,48.81
2019-12-02,45.59,48.57
2019-12-03,45.38,48.43
2019-12-04,44.1,47.29
2019-12-05,43.56,46.65
2019-12-06,44.18,47.34
2019-12-09,45.24,48.35
2019-12-10,44.54,47.7
2019-12-11,44.83,48.03
2019-12-12,44.5,47.62
2019-12-13,42.9,46.19
2019-12-16,41.99,45.29
2019-12-17,42.58,45.93
2019-12-18,42.42,45.65
2019-12-19,42.68,45.96
2019-12-20,42.91,46.0
2019-12-23,42.83,46.0
2019-12-24,42.23,45.53
2019-12-26,41.51,44.72
2019-12-27,40.06,43.03
2019-12-30,38.89,41.81
2019-12-31,37.66,40.7
2020-01-02,36.84,40.19
2020-01-03,36.9,39.98
2020-01-06,35.68,38.82
2020-01-07,35.0,37.83
2020-01-08,36.68,39.62
2020-01-09,36.17,39.1
2020-01-10,33.96,36.92
2020-01-13,32.8,35.72
2020-01-14,32.97,35.65
2020-01-15,33.7,36.2
2020-01-16,32.46,35.03
2020-01-17,31.96,34.46
2020-01-21,33.09,35.64
2020-01-22,34.15,36.65
2020-01-23,32.88,35.57
2020-01-24,32.41,34.94
2020-01-27,33.15,35.58
2020-01-28,33.84,36.1
2020-01-29,33.64,35.76
2020-01-30,33.94,35.76
2020-01-31,34.02,36.07
2020-02-03,32.2,34.25
2020-02-04,32.85,34.84
2020-02-05,33.86,36.0
2020-02-06,34.09,36.24
2020-02-07,34.02,36.37
2020-02-10,33.73,36.26
2020-02-11,32.88,35.39
2020-02-12,33.54,36.19
2020-02-13,33.53,36.23
2020-02-14,33.31,36.13
2020-02-18,33.79,36.61
2020-02-19,33.19,35.94
2020-02-20,33.91,36.71
2020-02-21,32.88,35.55
2020-02-24,31.81,34.4
2020-02-25,32.38,34.98
2020-02-26,31.23,33.77
2020-02-27,31.29,33.86
2020-02-28,30.52,33.38
2020-03-02,30.43,33.4
2020-03-03,31.66,34.65
2020-03-04,32.24,35.16
2020-03-05,32.3,35.09
2020-03-06,32.69,35.51
2020-03-09,32.4,35.08
2020-03-10,32.02,34.35
2020-03-11,32.12,34.72
2020-03-12,32.57,35.35
2020-03-13,31.7,34.39
2020-03-16,30.8,33.66
2020-03-17,31.37,34.04
2020-03-18,31.45,34.25
2020-03-19,31.0,34.01
2020-03-20,31.66,34.61
2020-03-23,33.15,34.79
2020-03-24,32.94,34.41
2020-03-25,28.92,30.68
2020-03-26,30.02,31.86
2020-03-27,29.24,31.27
2020-03-30,29.24,31.72
2020-03-31,28.1,30.3
2020-04-01,27.14,29.51
2020-04-02,26.69,29.02
2020-04-03,26.93,29.24
2020-04-06,27.15,29.2
2020-04-07,27.5,29.44
2020-04-08,27.9,29.87
2020-04-09,28.39,30.12
2020-04-13,28.65,30.63
2020-04-14,28.23,30.25
2020-04-15,30.08,32.11
2020-04-16,29.5,31.53
2020-04-17,29.89,32.19
2020-04-20,29.85,32.21
2020-04-21,30.33,32.45
2020-04-22,31.29,32.5
2020-04-23,31.31,32.55
2020-04-24,31.49,32.82
2020-04-27,31.59,32.93
2020-04-28,32.99,34.2
2020-04-29,33.86,35.11
2020-04-30,34.8,36.0
2020-05-01,34.54,35.77
2020-05-04,35.41,36.78
2020-05-05,35.36,36.77
2020-05-06,35.74,37.28
2020-05-07,35.44,37.07
2020-05-08,34.9,36.49
2020-05-11,33.81,35.49
2020-05-12,32.89,34.56
2020-05-13,34.3,35.71
2020-05-14,34.56,36.01
2020-05-15,34.38,35.98
2020-05-18,34.08,36.0
2020-05-19,34.52,36.55
2020-05-20,34.04,35.3
2020-05-21,34.25,35.71
2020-05-22,35.21,36.74
2020-05-26,35.95,37.53
2020-05-27,35.58,37.36
2020-05-28,35.81,37.54
2020-05-29,35.6,37.35
2020-06-01,36.46,38.07
2020-06-02,36.85,38.52
2020-06-03,35.89,37.59
2020-06-04,37.15,38.8
2020-06-05,38.5,40.15
2020-06-08,38.19,39.98
2020-06-09,37.77,39.73
2020-06-10,37.14,39.0
2020-06-11,36.48,38.37
2020-06-12,36.1,38.07
2020-06-15,36.72,38.6
2020-06-16,36.92,39.01
2020-06-17,37.85,39.75
2020-06-18,38.31,40.08
2020-06-19,38.27,40.26
2020-06-22,39.74,41.69
2020-06-23,42.6,43.51
2020-06-24,42.61,43.63
2020-06-25,42.93,43.98
2020-06-26,44.27,45.58
2020-06-29,45.3,46.79
2020-06-30,44.99,46.39
2020-07-01,43.98,45.42
2020-07-02,43.19,44.72
2020-07-06,43.18,44.92
2020-07-07,44.01,45.73
2020-07-08,44.75,46.29
2020-07-09,45.0,46.45
2020-07-10,44.74,46.3
2020-07-13,45.81,47.71
2020-07-14,46.01,47.86
2020-07-15,46.02,47.93
2020-07-16,44.52,46.5
2020-07-17,46.3,48.38
2020-07-20,45.54,47.57
2020-07-21,43.6,45.46
2020-07-22,45.29,46.41
2020-07-23,44.29,45.6
2020-07-24,43.48,44.99
2020-07-27,42.95,44.68
2020-07-28,42.68,44.4
2020-07-29,43.29,45.25
2020-07-30,42.31,44.45
2020-07-31,42.03,44.22
2020-08-03,42.41,44.44
2020-08-04,42.98,45.04
2020-08-05,43.01,45.02
2020-08-06,43.54,45.73
2020-08-07,43.39,45.68
2020-08-10,43.07,45.6
2020-08-11,42.51,44.79
2020-08-12,43.25,45.76
2020-08-13,42.73,45.33
2020-08-14,44.9,47.62
2020-08-17,43.96,46.74
2020-08-18,43.52,46.52
2020-08-19,43.11,46.26
2020-08-20,42.57,45.79
2020-08-21,43.21,45.69
2020-08-24,43.57,45.89
2020-08-25,42.14,44.5
2020-08-26,44.15,46.64
2020-08-27,45.47,48.1
2020-08-28,45.1,47.78
2020-08-31,45.1,47.93
2020-09-01,46.01,48.96
2020-09-02,45.16,47.89
2020-09-03,44.09,47.19
2020-09-04,43.07,46.09
2020-09-08,44.86,47.88
2020-09-09,45.17,48.22
2020-09-10,45.55,48.59
2020-09-11,46.31,48.98
2020-09-14,47.16,49.83
2020-09-15,47.49,50.15
2020-09-16,47.29,50.01
2020-09-17,45.02,47.77
2020-09-18,45.38,48.12
2020-09-21,45.94,48.58
2020-09-22,45.66,48.1
2020-09-23,45.51,47.53
2020-09-24,46.6,48.49
2020-09-25,43.71,45.6
2020-09-28,42.89,44.79
2020-09-29,43.08,45.17
2020-09-30,43.11,45.45
2020-10-01,43.51,45.99
2020-10-02,43.15,45.58
2020-10-05,44.84,47.22
2020-10-06,44.79,47.23
2020-10-07,46.01,48.55
2020-10-08,47.23,50.07
2020-10-09,49.94,53.07
2020-10-12,50.28,53.4
2020-10-13,49.75,53.06
2020-10-14,51.86,55.02
2020-10-15,50.55,53.66
2020-10-16,50.99,54.06
2020-10-19,49.45,52.72
2020-10-20,51.45,54.75
2020-10-21,51.86,54.8
2020-10-22,52.22,55.2
2020-10-23,53.54,56.55
2020-10-26,54.31,57.32
2020-10-27,53.75,56.75
2020-10-28,53.82,56.91
2020-10-29,52.56,55.75
2020-10-30,51.86,54.92
2020-11-02,52.91,55.8
2020-11-03,53.7,56.61
2020-11-04,56.5,59.3
2020-11-05,55.1,57.9
2020-11-06,54.43,57.24
2020-11-09,56.56,59.43
2020-11-10,55.65,58.3
2020-11-11,55.88,58.61
2020-11-12,54.07,56.76
2020-11-13,54.56,57.24
2020-11-16,57.92,60.6
2020-11-17,56.1,58.58
2020-11-18,56.45,58.89
2020-11-19,55.18,57.57
2020-11-20,56.83,59.28
2020-11-23,57.79,59.97
2020-11-24,57.94,59.73
2020-11-25,56.78,58.62
2020-11-27,57.06,59.43
2020-11-30,57.95,60.31
2020-12-01,58.01,60.23
2020-12-02,57.44,59.63
2020-12-03,58.77,60.96
2020-12-04,57.51,59.64
2020-12-07,60.11,62.06
2020-12-08,60.89,62.85
2020-12-09,61.69,63.57
2020-12-10,60.45,62.45
2020-12-11,60.4,62.4
2020-12-14,58.93,61.03
2020-12-15,58.49,60.86
2020-12-16,60.49,62.98
2020-12-17,62.01,64.63
2020-12-18,61.71,64.15
2020-12-21,62.86,65.23
2020-12-22,62.3,64.36
2020-12-23,59.62,61.8
2020-12-24,61.7,64.07
2020-12-28,63.27,65.52
2020-12-29,63.96,66.42
2020-12-30,65.73,68.19
2020-12-31,66.28,68.63
2021-01-04,67.39,69.49
2021-01-05,69.29,71.4
2021-01-06,68.66,70.91
2021-01-07,69.67,72.06
2021-01-08,68.81,71.58
2021-01-11,70.58,73.39
2021-01-12,72.37,75.23
2021-01-13,71.62,74.52
2021-01-14,73.79,76.51
2021-01-15,71.39,74.14
2021-01-19,69.31,71.79
2021-01-20,69.17,71.55
2021-01-21,69.37,71.95
2021-01-22,73.01,75.44
2021-01-25,73.35,75.8
2021-01-26,71.75,74.18
2021-01-27,74.89,77.5
2021-01-28,74.57,77.16
2021-01-29,72.26,74.75
2021-02-01,75.67,78.09
2021-02-02,77.32,79.74
2021-02-03,78.02,80.6
2021-02-04,80.36,82.93
2021-02-05,79.99,82.48
2021-02-08,80.72,83.34
2021-02-09,80.07,82.89
2021-02-10,77.93,80.71
2021-02-11,76.4,79.24
2021-02-12,76.01,79.02
2021-02-16,74.79,77.55
2021-02-17,74.28,77.32
2021-02-18,75.7,78.44
2021-02-19,75.03,77.7
2021-02-22,76.97,79.65
2021-02-23,75.06,77.91
2021-02-24,78.09,80.92
2021-02-25,76.63,79.43
2021-02-26,78.16,80.87
2021-03-01,79.71,82.33
2021-03-02,79.17,81.95
2021-03-03,78.7,81.42
2021-03-04,81.96,84.42
2021-03-05,82.75,85.11
2021-03-08,82.33,84.78
2021-03-09,85.59,88.02
2021-03-10,86.07,88.52
2021-03-11,86.56,89.07
2021-03-12,85.43,87.9
2021-03-15,85.06,87.43
2021-03-16,86.87,89.48
2021-03-17,85.03,87.73
2021-03-18,83.79,86.64
2021-03-19,86.57,89.39
2021-03-22,88.13,90.9
2021-03-23,87.36,90.43
2021-03-24,86.9,89.91
2021-03-25,86.13,89.18
2021-03-26,88.15,91.17
2021-03-29,89.21,92.04
2021-03-30,88.49,91.08
2021-03-31,88.97,91.78
2021-04-01,89.4,92.26
2021-04-05,86.8,89.62
2021-04-06,85.28,88.4
2021-04-07,88.06,91.38
2021-04-08,85.79,89.22
2021-04-09,88.41,91.65
2021-04-12,87.16,90.35
2021-04-13,85.69,88.7
2021-04-14,88.41,91.49
2021-04-15,87.07,90.34
2021-04-16,84.22,87.5
2021-04-19,83.91,87.25
2021-04-20,84.17,87.6
2021-04-21,82.44,85.67
2021-04-22,81.47,84.73
2021-04-23,81.57,85.04
2021-04-26,82.52,85.87
2021-04-27,82.87,85.98
2021-04-28,83.43,86.56
2021-04-29,85.61,88.87
2021-04-30,84.72,87.98
2021-05-03,83.99,87.52
2021-05-04,83.62,87.15
2021-05-05,84.03,87.68
2021-05-06,83.98,87.59
2021-05-07,86.65,90.29
2021-05-10,88.49,92.04
2021-05-11,85.11,88.65
2021-05-12,82.79,86.08
2021-05-13,82.7,85.95
2021-05-14,80.76,83.96
2021-05-17,82.22,85.48
2021-05-18,80.26,83.58
2021-05-19,81.8,84.98
2021-05-20,80.85,83.8
2021-05-21,77.33,80.19
2021-05-24,78.09,80.91
2021-05-25,78.66,81.31
2021-05-26,76.01,78.67
2021-05-27,75.31,78.03
2021-05-28,74.06,76.59
2021-06-01,72.38,75.19
2021-06-02,72.13,74.99
2021-06-03,70.52,73.3
2021-06-04,68.18,71.36
2021-06-07,65.43,68.75
2021-06-08,65.55,68.93
2021-06-09,65.13,68.64
2021-06-10,66.99,70.32
2021-06-11,68.05,71.5
2021-06-14,68.82,72.27
2021-06-15,67.54,70.8
2021-06-16,67.63,71.11
2021-06-17,67.0,70.5
2021-06-18,66.61,69.97
2021-06-21,70.31,73.81
2021-06-22,72.86,76.36
2021-06-23,72.13,75.9
2021-06-24,70.38,74.15
2021-06-25,69.07,72.65
2021-06-28,69.21,72.81
2021-06-29,68.25,71.67
2021-06-30,68.75,72.21
2021-07-01,69.09,72.35
2021-07-02,70.72,74.08
2021-07-06,72.4,75.88
2021-07-07,73.62,76.81
2021-07-08,75.4,78.44
2021-07-09,75.78,78.91
2021-07-12,76.76,79.95
2021-07-13,77.88,81.09
2021-07-14,77.17,80.54
2021-07-15,77.56,80.99
2021-07-16,78.27,81.75
2021-07-19,76.1,79.61
2021-07-20,76.36,79.57
2021-07-21,76.43,80.01
2021-07-22,77.63,81.11
2021-07-23,76.59,79.91
2021-07-26,75.8,79.11
2021-07-27,74.68,77.83
2021-07-28,74.79,77.81
2021-07-29,73.99,76.93
2021-07-30,73.19,76.42
2021-08-02,73.06,76.11
2021-08-03,75.62,78.82
2021-08-04,77.56,80.97
2021-08-05,79.75,83.15
2021-08-06,78.89,82.2
2021-08-09,76.84,80.28
2021-08-10,80.66,84.21
2021-08-11,79.88,83.56
2021-08-12,82.3,85.83
2021-08-13,83.26,86.76
2021-08-16,84.85,88.47
2021-08-17,86.26,89.72
2021-08-18,86.96,90.25
2021-08-19,87.55,90.73
2021-08-20,83.46,86.84
2021-08-23,81.85,85.97
2021-08-24,79.87,83.86
2021-08-25,77.93,81.82
2021-08-26,78.19,81.94
2021-08-27,75.79,79.63
2021-08-30,75.71,79.48
2021-08-31,73.22,77.03
2021-09-01,73.23,76.78
2021-09-02,73.46,77.04
2021-09-03,73.6,76.94
2021-09-07,74.66,77.6
2021-09-08,76.47,79.32
2021-09-09,75.66,78.47
2021-09-10,76.5,79.15
2021-09-13,74.05,76.63
2021-09-14,75.61,78.36
2021-09-15,75.45,78.17
2021-09-16,77.49,80.25
2021-09-17,75.25,77.87
2021-09-20,75.99,78.34
2021-09-21,74.36,76.74
2021-09-22,73.49,77.18
2021-09-23,72.74,76.36
2021-09-24,73.82,77.6
2021-09-27,73.13,76.69
2021-09-28,72.19,75.53
2021-09-29,71.27,74.66
2021-09-30,71.9,75.57
2021-10-01,72.53,76.03
2021-10-04,71.3,74.37
2021-10-05,72.26,75.34
2021-10-06,74.42,77.38
2021-10-07,74.99,77.75
2021-10-08,72.54,75.09
2021-10-11,73.14,75.61
2021-10-12,69.81,72.27
2021-10-13,71.33,73.72
2021-10-14,70.76,73.08
2021-10-15,72.45,74.79
2021-10-18,75.39,77.6
2021-10-19,73.92,75.9
2021-10-20,70.9,72.61
2021-10-21,68.6,71.42
2021-10-22,66.77,69.75
2021-10-25,68.17,71.16
2021-10-26,65.93,68.72
2021-10-27,66.29,68.97
2021-10-28,64.35,66.83
2021-10-29,65.1,67.63
2021-11-01,66.4,68.89
2021-11-02,66.56,69.06
2021-11-03,65.97,68.45
2021-11-04,65.03,67.42
2021-11-05,67.43,69.77
2021-11-08,65.87,67.95
2021-11-09,65.83,67.93
2021-11-10,64.64,66.77
2021-11-11,65.66,67.53
2021-11-12,65.91,67.55
2021-11-15,63.31,65.09
2021-11-16,64.52,66.26
2021-11-17,65.51,67.06
2021-11-18,66.76,68.28
2021-11-19,64.21,65.76
2021-11-22,63.17,65.34
2021-11-23,62.34,64.33
2021-11-24,63.33,65.38
2021-11-26,61.46,63.36
2021-11-29,61.55,63.34
2021-11-30,60.15,62.08
2021-12-01,60.06,62.13
2021-12-02,60.41,62.3
2021-12-03,62.64,64.6
2021-12-06,62.37,64.26
2021-12-07,64.04,66.13
2021-12-08,64.89,67.03
2021-12-09,62.27,64.39
2021-12-10,64.8,66.94
2021-12-13,65.15,67.22
2021-12-14,64.77,66.8
2021-12-15,64.38,66.34
2021-12-16,63.64,65.6
2021-12-17,63.65,65.29
2021-12-20,64.7,66.34
2021-12-21,64.2,66.51
2021-12-22,65.6,67.78
2021-12-23,66.66,69.08
2021-12-27,66.63,69.21
2021-12-28,65.8,68.3
2021-12-29,65.07,67.6
2021-12-30,66.73,69.27
2021-12-31,69.05,71.67
2022-01-03,67.67,70.26
2022-01-04,64.95,67.46
2022-01-05,66.29,68.75
2022-01-06,67.97,70.56
2022-01-07,66.73,69.31
2022-01-10,67.53,70.13
2022-01-11,64.85,67.26
2022-01-12,63.44,65.93
2022-01-13,62.55,65.13
2022-01-14,64.55,66.95
2022-01-18,67.27,69.47
2022-01-19,66.91,68.91
2022-01-20,69.1,71.04
2022-01-21,67.34,70.39
2022-01-24,69.92,72.81
2022-01-25,68.08,70.92
2022-01-26,69.46,72.31
2022-01-27,68.63,71.46
2022-01-28,68.36,70.82
2022-01-31,69.93,72.08
2022-02-01,70.16,72.42
2022-02-02,71.78,73.94
2022-02-03,70.71,72.77
2022-02-04,69.61,71.66
2022-02-07,66.52,68.48
2022-02-08,67.32,69.29
2022-02-09,67.88,69.94
2022-02-10,68.96,71.11
2022-02-11,70.36,72.52
2022-02-14,71.41,73.35
2022-02-15,70.04,72.04
2022-02-16,69.39,71.36
2022-02-17,70.27,72.22
2022-02-18,69.21,71.14
2022-02-22,68.67,70.43
2022-02-23,68.75,71.69
2022-02-24,67.28,70.48
2022-02-25,67.39,70.58
2022-02-28,66.19,69.18
2022-03-01,67.03,70.33
2022-03-02,69.53,72.94
2022-03-03,68.34,71.86
2022-03-04,67.07,70.44
2022-03-07,66.88,70.04
2022-03-08,67.22,70.48
2022-03-09,66.09,68.96
2022-03-10,66.64,69.44
2022-03-11,65.78,68.76
2022-03-14,64.46,67.28
2022-03-15,66.24,68.91
2022-03-16,64.89,67.56
2022-03-17,66.71,69.67
2022-03-18,65.25,68.12
2022-03-21,67.7,70.42
2022-03-22,66.93,69.54
2022-03-23,63.82,67.4
2022-03-24,65.98,69.54
2022-03-25,65.03,68.69
2022-03-28,65.47,69.18
2022-03-29,64.98,68.62
2022-03-30,66.01,69.57
2022-03-31,67.11,70.66
2022-04-01,67.27,70.56
2022-04-04,65.77,69.03
2022-04-05,66.54,69.73
2022-04-06,67.73,70.88
2022-04-07,69.06,71.94
2022-04-08,68.53,71.39
2022-04-11,67.5,70.17
2022-04-12,67.09,69.46
2022-04-13,70.09,72.63
2022-04-14,70.92,73.43
2022-04-18,68.19,70.5
2022-04-19,68.73,71.19
2022-04-20,70.01,72.47
2022-04-21,69.61,72.58
2022-04-22,69.4,72.44
2022-04-25,66.9,69.85
2022-04-26,65.14,68.24
2022-04-27,64.94,67.92
2022-04-28,64.3,67.19
2022-04-29,69.27,71.88
2022-05-02,67.58,69.97
2022-05-03,65.32,67.55
2022-05-04,62.87,65.15
2022-05-05,62.68,65.0
2022-05-06,64.57,66.85
2022-05-09,65.81,67.97
2022-05-10,67.61,69.8
2022-05-11,68.17,70.71
2022-05-12,68.36,71.0
2022-05-13,68.66,71.34
2022-05-16,70.83,73.35
2022-05-17,70.52,72.93
2022-05-18,69.33,71.61
2022-05-19,71.51,73.55
2022-05-20,71.23,73.28
2022-05-23,70.63,73.2
2022-05-24,70.79,73.07
2022-05-25,69.04,71.36
2022-05-26,69.92,72.28
2022-05-27,67.28,69.67
2022-05-31,67.23,69.63
2022-06-01,67.33,69.71
2022-06-02,63.82,66.02
2022-06-03,64.29,66.22
2022-06-06,66.93,68.9
2022-06-07,68.18,70.15
2022-06-08,67.35,69.54
2022-06-09,67.01,69.09
2022-06-10,65.71,68.0
2022-06-13,65.87,68.13
2022-06-14,66.71,69.08
2022-06-15,67.57,69.97
2022-06-16,66.36,68.75
2022-06-17,67.62,70.01
2022-06-21,67.13,69.48
2022-06-22,66.19,68.91
2022-06-23,69.09,71.98
2022-06-24,69.71,72.38
2022-06-27,69.87,72.58
2022-06-28,69.36,72.12
2022-06-29,68.59,71.27
2022-06-30,68.2,70.78
2022-07-01,67.61,70.41
2022-07-05,67.45,69.95
2022-07-06,66.6,69.07
2022-07-07,65.72,68.09
2022-07-08,67.0,69.05
2022-07-11,65.13,67.21
2022-07-12,65.95,67.98
2022-07-13,67.49,69.31
2022-07-14,69.88,71.8
2022-07-15,70.9,72.76
2022-07-18,71.27,73.16
2022-07-19,71.43,73.38
2022-07-20,70.69,72.81
2022-07-21,69.87,72.41
2022-07-22,69.82,72.39
2022-07-25,71.8,74.49
2022-07-26,69.9,72.51
2022-07-27,67.42,70.23
2022-07-28,65.5,68.36
2022-07-29,66.2,69.07
2022-08-01,64.32,67.29
2022-08-02,64.47,67.64
2022-08-03,64.14,67.24
2022-08-04,60.08,63.17
2022-08-05,59.87,62.85
2022-08-08,60.59,63.45
2022-08-09,60.94,63.85
2022-08-10,62.11,64.75
2022-08-11,64.18,66.57
2022-08-12,63.58,66.1
2022-08-15,64.52,67.1
2022-08-16,63.59,66.23
2022-08-17,63.84,66.25
2022-08-18,63.22,65.47
2022-08-19,64.25,66.57
2022-08-22,61.72,63.95
2022-08-23,61.89,64.43
2022-08-24,62.97,65.6
2022-08-25,61.02,63.71
2022-08-26,60.34,63.01
2022-08-29,62.59,65.18
2022-08-30,63.29,65.65
2022-08-31,65.44,67.81
2022-09-01,63.85,66.01
2022-09-02,65.44,67.38
2022-09-06,61.91,64.1
2022-09-07,61.92,63.94
2022-09-08,61.78,63.67
2022-09-09,61.37,63.3
2022-09-12,60.35,62.27
2022-09-13,60.33,62.27
2022-09-14,59.02,61.12
2022-09-15,57.91,59.84
2022-09-16,58.42,60.59
2022-09-19,57.62,60.04
2022-09-20,58.53,60.87
2022-09-21,57.53,60.08
2022-09-22,57.84,60.38
2022-09-23,57.49,60.3
2022-09-26,56.13,59.04
2022-09-27,55.11,57.89
2022-09-28,54.25,56.88
2022-09-29,54.02,56.4
2022-09-30,53.15,55.72
2022-10-03,52.91,55.44
2022-10-04,51.46,53.82
2022-10-05,51.5,53.65
2022-10-06,49.19,51.14
2022-10-07,48.95,50.59
2022-10-10,48.16,49.83
2022-10-11,48.71,50.41
2022-10-12,50.64,52.24
2022-10-13,50.47,52.07
2022-10-14,51.22,52.87
2022-10-17,51.34,53.03
2022-10-18,52.93,54.67
2022-10-19,51.79,53.61
2022-10-20,50.59,52.16
2022-10-21,49.95,52.12
2022-10-24,48.81,50.93
2022-10-25,49.33,51.55
2022-10-26,50.02,52.26
2022-10-27,50.45,52.69
2022-10-28,50.55,52.71
2022-10-31,51.05,53.01
2022-11-01,50.82,52.78
2022-11-02,48.95,50.96
2022-11-03,49.94,52.16
2022-11-04,50.1,52.12
2022-11-07,48.5,50.58
2022-11-08,50.21,52.31
2022-11-09,49.1,51.36
2022-11-10,48.7,50.89
2022-11-11,49.08,51.53
2022-11-14,48.85,51.32
2022-11-15,48.52,50.81
2022-11-16,51.2,53.66
2022-11-17,49.09,51.29
2022-11-18,48.03,50.32
2022-11-21,46.26,48.06
2022-11-22,46.17,48.82
2022-11-23,47.46,50.01
2022-11-25,48.73,51.27
2022-11-28,50.95,53.45
2022-11-29,51.55,53.88
2022-11-30,50.6,52.65
2022-12-01,51.4,53.56
2022-12-02,49.35,51.42
2022-12-05,49.79,52.03
2022-12-06,50.77,52.97
2022-12-07,51.01,53.24
2022-12-08,52.03,54.22
2022-12-09,51.19,53.29
2022-12-12,50.75,52.91
2022-12-13,50.87,52.88
2022-12-14,49.0,51.01
2022-12-15,50.05,52.03
2022-12-16,49.24,51.22
2022-12-19,49.16,51.26
2022-12-20,48.9,51.02
2022-12-21,47.83,50.38
2022-12-22,47.75,50.52
2022-12-23,48.93,51.7
2022-12-27,48.63,51.36
2022-12-28,49.2,52.24
2022-12-29,48.56,51.58
2022-12-30,49.25,52.31
2023-01-03,49.36,52.44
2023-01-04,49.51,52.65
2023-01-05,49.31,52.61
2023-01-06,49.94,53.31
2023-01-09,49.99,53.44
2023-01-10,49.38,52.58
2023-01-11,49.64,52.79
2023-01-12,49.81,52.86
2023-01-13,48.46,51.49
2023-01-17,47.94,50.84
2023-01-18,48.95,51.72
2023-01-19,48.38,51.02
2023-01-20,49.0,51.72
2023-01-23,50.11,53.17
2023-01-24,51.44,54.61
2023-01-25,50.26,53.4
2023-01-26,49.65,52.93
2023-01-27,51.46,54.53
2023-01-30,50.6,53.58
2023-01-31,49.29,52.23
2023-02-01,49.13,52.26
2023-02-02,48.49,51.35
2023-02-03,47.79,50.59
2023-02-06,47.56,50.37
2023-02-07,47.32,50.09
2023-02-08,47.16,49.93
2023-02-09,46.31,49.02
2023-02-10,47.52,49.93
2023-02-13,46.89,48.92
2023-02-14,48.1,49.91
2023-02-15,47.71,49.65
2023-02-16,49.59,51.62
2023-02-17,49.75,51.64
2023-02-21,49.69,51.38
2023-02-22,49.34,51.25
2023-02-23,50.29,52.27
2023-02-24,48.88,50.92
2023-02-27,49.1,51.29
2023-02-28,50.69,52.84
2023-03-01,50.88,53.15
2023-03-02,51.36,53.29
2023-03-03,50.64,52.65
2023-03-06,52.05,54.03
2023-03-07,52.34,54.26
2023-03-08,54.3,56.09
2023-03-09,55.17,57.04
2023-03-10,55.44,57.16
2023-03-13,56.41,58.01
2023-03-14,54.75,56.35
2023-03-15,54.91,56.63
2023-03-16,55.12,56.81
2023-03-17,54.24,55.86
2023-03-20,54.67,56.29
2023-03-21,52.83,54.5
2023-03-22,53.44,55.26
2023-03-23,53.34,55.19
2023-03-24,54.82,56.67
2023-03-27,56.02,57.97
2023-03-28,56.47,58.59
2023-03-29,55.24,57.34
2023-03-30,54.64,56.77
2023-03-31,53.19,55.18
2023-04-03,53.18,54.86
2023-04-04,53.64,55.23
2023-04-05,55.89,57.42
2023-04-06,55.98,57.59
2023-04-10,56.02,57.63
2023-04-11,55.07,56.65
2023-04-12,54.76,56.43
2023-04-13,56.88,58.68
2023-04-14,56.94,58.81
2023-04-17,57.78,59.46
2023-04-18,58.71,60.73
2023-04-19,60.59,62.57
2023-04-20,59.25,61.19
2023-04-21,56.96,59.89
2023-04-24,56.51,59.4
2023-04-25,57.0,59.69
2023-04-26,60.32,63.38
2023-04-27,59.67,62.71
2023-04-28,61.01,63.94
2023-05-01,63.24,66.13
2023-05-02,63.69,66.84
2023-05-03,65.95,69.06
2023-05-04,66.86,70.08
2023-05-05,67.95,71.31
2023-05-08,64.23,67.69
2023-05-09,64.5,67.72
2023-05-10,63.97,66.84
2023-05-11,64.9,67.92
2023-05-12,62.53,65.46
2023-05-15,62.5,65.41
2023-05-16,64.1,66.91
2023-05-17,64.8,67.53
2023-05-18,66.49,69.03
2023-05-19,66.68,69.33
2023-05-22,67.12,69.85
2023-05-23,68.27,71.49
2023-05-24,69.93,73.01
2023-05-25,71.85,74.97
2023-05-26,74.37,77.33
2023-05-30,74.55,77.64
2023-05-31,77.98,80.97
2023-06-01,78.19,81.42
2023-06-02,78.53,81.49
2023-06-05,78.42,81.24
2023-06-06,76.98,79.6
2023-06-07,73.93,76.37
2023-06-08,75.93,78.49
2023-06-09,76.12,78.68
2023-06-12,76.5,78.89
2023-06-13,78.27,80.58
2023-06-14,78.04,80.35
2023-06-15,76.92,79.21
2023-06-16,79.11,81.58
2023-06-20,79.02,81.28
2023-06-21,77.81,81.02
2023-06-22,76.28,79.59
2023-06-23,75.57,78.65
2023-06-26,75.0,78.07
2023-06-27,76.97,80.17
2023-06-28,75.9,79.12
2023-06-29,78.94,82.1
2023-06-30,77.29,80.44
2023-07-03,77.22,80.49
2023-07-05,76.0,79.03
2023-07-06,76.04,78.83
2023-07-07,74.92,77.6
2023-07-10,74.47,77.07
2023-07-11,74.36,77.02
2023-07-12,72.29,74.54
2023-07-13,74.79,77.0
2023-07-14,76.65,78.87
2023-07-17,76.76,78.88
2023-07-18,74.52,76.74
2023-07-19,76.79,79.11
2023-07-20,75.15,77.22
2023-07-21,73.6,76.92
2023-07-24,75.42,78.68
2023-07-25,75.3,78.4
2023-07-26,77.34,80.41
2023-07-27,77.94,80.72
2023-07-28,75.49,78.2
2023-07-31,76.17,78.77
2023-08-01,76.24,78.92
2023-08-02,77.34,79.94
2023-08-03,75.5,78.03
2023-08-04,74.06,76.83
2023-08-07,75.14,78.1
2023-08-08,73.24,76.19
2023-08-09,75.44,78.38
2023-08-10,74.59,77.52
2023-08-11,75.77,78.73
2023-08-14,79.14,82.01
2023-08-15,80.82,83.71
2023-08-16,81.44,84.31
2023-08-17,79.59,82.62
2023-08-18,76.52,79.61
2023-08-21,77.4,80.42
2023-08-22,78.23,81.2
2023-08-23,77.59,81.41
2023-08-24,77.64,81.23
2023-08-25,77.38,80.96
2023-08-28,75.52,78.76
2023-08-29,76.86,80.11
2023-08-30,75.6,78.84
2023-08-31,77.09,80.33
2023-09-01,76.19,79.4
2023-09-05,77.87,80.98
2023-09-06,80.51,83.73
2023-09-07,78.21,81.38
2023-09-08,78.14,81.07
2023-09-11,79.92,82.47
2023-09-12,82.61,85.22
2023-09-13,81.71,84.12
2023-09-14,82.84,85.18
2023-09-15,83.59,86.0
2023-09-18,85.39,87.45
2023-09-19,83.17,85.09
2023-09-20,83.23,84.8
2023-09-21,82.39,85.29
2023-09-22,80.27,83.41
2023-09-25,78.59,81.58
2023-09-26,80.51,83.46
2023-09-27,80.64,83.53
2023-09-28,80.38,83.09
2023-09-29,80.09,82.9
2023-10-02,78.48,81.14
2023-10-03,78.56,81.12
2023-10-04,79.98,82.65
2023-10-05,76.97,79.67
2023-10-06,76.82,79.6
2023-10-09,76.98,79.47
2023-10-10,78.58,81.07
2023-10-11,77.08,79.56
2023-10-12,79.3,81.66
2023-10-13,76.74,79.24
2023-10-16,79.21,81.46
2023-10-17,79.4,81.71
2023-10-18,77.24,79.26
2023-10-19,78.35,80.13
2023-10-20,79.18,81.01
2023-10-23,77.55,80.85
2023-10-24,75.04,78.39
2023-10-25,74.25,77.62
2023-10-26,74.68,77.97
2023-10-27,76.55,79.45
2023-10-30,77.18,79.71
2023-10-31,78.47,81.08
2023-11-01,80.07,82.88
2023-11-02,77.93,80.82
2023-11-03,76.79,79.68
2023-11-06,76.08,78.84
2023-11-07,74.88,77.78
2023-11-08,74.7,77.59
2023-11-09,74.82,77.66
2023-11-10,71.73,74.55
2023-11-13,71.21,73.86
2023-11-14,71.42,74.19
2023-11-15,70.53,73.13
2023-11-16,67.09,69.71
2023-11-17,68.45,71.12
2023-11-20,68.81,71.11
2023-11-21,68.74,71.65
2023-11-22,71.64,74.65
2023-11-24,67.95,70.73
2023-11-27,68.23,70.93
2023-11-28,69.8,72.13
2023-11-29,69.04,71.29
2023-11-30,66.59,68.6
2023-12-01,66.63,68.55
2023-12-04,67.7,69.61
2023-12-05,65.16,66.88
2023-12-06,65.45,67.18
2023-12-07,62.79,64.59
2023-12-08,63.03,64.73
2023-12-11,64.41,66.43
2023-12-12,65.15,67.31
2023-12-13,65.06,67.22
2023-12-14,64.27,66.63
2023-12-15,62.87,65.12
2023-12-18,64.93,67.1
2023-12-19,65.92,67.96
2023-12-20,62.51,65.26
2023-12-21,64.03,67.03
2023-12-22,65.5,68.47
2023-12-26,63.55,66.28
2023-12-27,60.81,63.6
2023-12-28,61.35,64.31
2023-12-29,61.86,64.71
2024-01-02,61.16,64.01
2024-01-03,61.65,64.38
2024-01-04,60.56,63.35
2024-01-05,58.95,61.53
2024-01-08,59.09,61.45
2024-01-09,58.69,61.28
2024-01-10,56.98,59.76
2024-01-11,57.87,60.55
2024-01-12,58.54,61.24
2024-01-16,59.88,62.56
2024-01-17,59.52,62.05
2024-01-18,61.28,63.94
2024-01-19,61.37,64.06
2024-01-22,62.66,65.29
2024-01-23,61.33,64.84
2024-01-24,61.46,64.85
2024-01-25,62.82,66.07
2024-01-26,64.85,68.03
2024-01-29,66.4,69.54
2024-01-30,65.11,68.34
2024-01-31,63.86,67.03
2024-02-01,65.59,68.85
2024-02-02,64.75,68.24
2024-02-05,64.37,67.81
2024-02-06,66.46,69.95
2024-02-07,64.78,68.0
2024-02-08,64.82,68.03
2024-02-09,64.21,67.31
2024-02-12,65.33,68.6
2024-02-13,67.19,70.47
2024-02-14,66.11,69.28
2024-02-15,68.24,71.6
2024-02-16,69.01,72.09
2024-02-20,71.88,74.71
2024-02-21,74.17,77.92
2024-02-22,75.41,79.31
2024-02-23,74.35,78.53
2024-02-26,75.01,79.21
2024-02-27,76.79,81.15
2024-02-28,77.93,82.31
2024-02-29,78.49,82.86
2024-03-01,75.2,79.45
2024-03-04,73.15,77.14
2024-03-05,73.54,77.44
2024-03-06,72.86,76.75
2024-03-07,72.21,76.09
2024-03-08,70.9,74.75
2024-03-11,71.96,75.72
2024-03-12,72.21,75.94
2024-03-13,70.94,74.77
2024-03-14,70.15,73.8
2024-03-15,70.94,74.38
2024-03-18,70.8,74.25
2024-03-19,69.42,72.91
2024-03-20,71.9,75.38
2024-03-21,71.66,75.99
2024-03-22,74.25,78.26
2024-03-25,74.23,78.19
2024-03-26,74.71,78.5
2024-03-27,76.67,80.45
2024-03-28,78.15,81.94
2024-04-01,76.56,80.4
2024-04-02,75.74,79.57
2024-04-03,73.56,77.45
2024-04-04,74.48,78.36
2024-04-05,74.27,78.4
2024-04-08,72.4,76.5
2024-04-09,72.33,76.44
2024-04-10,72.61,76.93
2024-04-11,71.58,75.65
2024-04-12,70.75,74.97
2024-04-15,70.91,75.0
2024-04-16,70.49,74.8
2024-04-17,73.57,77.8
2024-04-18,75.36,79.64
2024-04-19,73.99,78.21
2024-04-22,74.6,78.62
2024-04-23,72.06,76.97
2024-04-24,71.95,76.92
2024-04-25,72.38,77.31
2024-04-26,71.18,76.24
2024-04-29,70.62,75.54
2024-04-30,72.1,77.02
2024-05-01,70.24,74.94
2024-05-02,69.26,73.95
2024-05-03,66.97,71.45
2024-05-06,65.93,70.17
2024-05-07,65.73,69.86
2024-05-08,68.8,72.98
2024-05-09,69.78,73.95
2024-05-10,69.24,73.28
2024-05-13,71.23,75.26
2024-05-14,70.68,74.59
2024-05-15,71.21,74.77
2024-05-16,71.5,75.12
2024-05-17,69.76,73.49
2024-05-20,67.96,71.75
2024-05-21,70.56,74.36
2024-05-22,68.97,73.41
2024-05-23,67.8,72.02
2024-05-24,65.1,69.17
2024-05-28,66.05,70.01
2024-05-29,66.51,70.32
2024-05-30,67.03,71.17
2024-05-31,67.02,71.0
2024-06-03,67.82,71.52
2024-06-04,67.68,71.17
2024-06-05,66.58,70.0
2024-06-06,66.03,69.56
2024-06-07,65.3,69.05
2024-06-10,65.05,68.63
2024-06-11,65.83,69.42
2024-06-12,64.95,68.3
2024-06-13,65.27,68.79
2024-06-14,64.83,68.44
2024-06-17,63.75,67.26
2024-06-18,64.43,67.78
2024-06-20,63.74,67.13
2024-06-21,61.24,65.35
2024-06-24,62.15,66.19
2024-06-25,61.53,65.6
2024-06-26,60.83,64.8
2024-06-27,59.19,62.97
2024-06-28,58.39,62.02
2024-07-01,59.15,62.47
2024-07-02,60.18,63.52
2024-07-03,61.54,65.03
2024-07-05,61.55,64.94
2024-07-08,60.55,63.74
2024-07-09,59.42,62.57
2024-07-10,58.01,61.1
2024-07-11,58.34,61.44
2024-07-12,58.03,60.99
2024-07-15,56.0,58.86
2024-07-16,54.74,57.75
2024-07-17,54.79,57.77
2024-07-18,55.11,57.98
2024-07-19,56.11,59.19
2024-07-22,55.49,58.46
2024-07-23,55.31,59.11
2024-07-24,55.06,58.72
2024-07-25,55.56,59.27
2024-07-26,54.58,58.33
2024-07-29,55.21,58.86
2024-07-30,55.26,58.86
2024-07-31,55.1,58.41
2024-08-01,55.3,58.74
2024-08-02,56.43,59.98
2024-08-05,56.2,59.73
2024-08-06,55.91,59.18
2024-08-07,54.76,57.75
2024-08-08,56.0,58.88
2024-08-09,54.85,57.78
2024-08-12,55.1,58.07
2024-08-13,56.12,59.0
2024-08-14,57.56,60.25
2024-08-15,56.03,58.46
2024-08-16,54.41,56.61
2024-08-19,54.1,55.84
2024-08-20,54.69,56.54
2024-08-21,53.25,55.95
2024-08-22,53.48,56.18
2024-08-23,54.36,57.18
2024-08-26,55.88,58.66
2024-08-27,55.06,57.91
2024-08-28,54.36,57.18
2024-08-29,55.83,58.57
2024-08-30,55.62,58.31
2024-09-03,55.77,58.23
2024-09-04,55.71,58.13
2024-09-05,56.06,58.52
2024-09-06,58.27,60.92
2024-09-09,57.76,60.31
2024-09-10,57.84,60.39
2024-09-11,56.49,58.99
2024-09-12,57.4,59.73
2024-09-13,58.63,61.09
2024-09-16,59.84,62.43
2024-09-17,62.03,64.65
2024-09-18,62.33,64.97
2024-09-19,61.4,63.99
2024-09-20,62.83,65.39
2024-09-23,63.66,67.5
2024-09-24,62.82,66.62
2024-09-25,61.78,65.52
2024-09-26,61.14,64.94
2024-09-27,58.45,62.14
2024-09-30,59.07,62.8
2024-10-01,60.39,63.95
2024-10-02,61.42,64.88
2024-10-03,63.75,67.17
2024-10-04,63.22,66.73
2024-10-07,61.69,65.44
2024-10-08,61.4,65.07
2024-10-09,62.38,66.03
2024-10-10,63.85,67.35
2024-10-11,64.12,67.56
2024-10-14,63.36,66.67
2024-10-15,61.26,64.56
2024-10-16,60.13,63.53
2024-10-17,61.9,65.35
2024-10-18,63.06,66.53
2024-10-21,65.25,68.57
2024-10-22,65.59,68.87
2024-10-23,65.71,69.71
2024-10-24,64.87,69.09
2024-10-25,63.96,68.25
2024-10-28,64.64,68.81
2024-10-29,62.98,67.12
2024-10-30,63.04,66.96
2024-10-31,64.42,68.47
2024-11-01,68.1,72.35
2024-11-04,67.71,72.0
2024-11-05,66.9,71.22
2024-11-06,63.77,67.93
2024-11-07,63.21,67.35
2024-11-08,62.05,66.27
2024-11-11,64.63,68.64
2024-11-12,63.89,67.87
2024-11-13,62.18,66.2
2024-11-14,61.77,66.01
2024-11-15,61.07,65.15
2024-11-18,59.68,63.54
2024-11-19,60.5,64.35
2024-11-20,61.52,65.61
2024-11-21,59.71,64.95
2024-11-22,61.89,67.21
2024-11-25,61.52,66.69
2024-11-26,58.0,62.87
2024-11-27,56.58,61.28
2024-11-29,56.06,60.63
2024-12-02,57.68,62.39
2024-12-03,57.05,61.56
2024-12-04,56.49,60.89
2024-12-05,55.32,59.51
2024-12-06,55.58,59.79
2024-12-09,53.93,58.0
2024-12-10,52.82,56.92
2024-12-11,53.13,57.22
2024-12-12,53.39,57.37
2024-12-13,52.73,56.42
2024-12-16,55.69,59.24
2024-12-17,55.91,59.45
2024-12-18,56.05,59.37
2024-12-19,54.81,58.29
2024-12-20,53.63,57.84
2024-12-23,52.37,56.49
2024-12-24,52.66,56.71
2024-12-26,52.8,56.59
2024-12-27,53.71,57.69
2024-12-30,54.67,58.44
2024-12-31,55.83,59.69
2025-01-02,54.11,58.05
2025-01-03,54.18,57.97
2025-01-06,55.98,59.72
2025-01-07,54.32,58.09
2025-01-08,54.35,58.25
2025-01-09,56.65,60.65
2025-01-10,56.12,60.2
2025-01-13,57.45,61.55
2025-01-14,56.33,60.59
2025-01-15,57.26,61.22
2025-01-16,56.62,60.54
2025-01-17,57.65,61.54
2025-01-21,57.04,60.43
2025-01-22,56.21,60.78
2025-01-23,54.23,58.66
2025-01-24,55.45,59.84
2025-01-27,54.18,58.64
2025-01-28,55.05,59.33
2025-01-29,55.6,59.8
2025-01-30,56.84,61.1
2025-01-31,59.02,63.23
2025-02-03,60.2,64.36
2025-02-04,59.26,63.2
2025-02-05,59.94,64.03
2025-02-06,59.91,64.09
2025-02-07,60.34,64.26
2025-02-10,60.82,64.73
2025-02-11,61.05,64.94
2025-02-12,62.99,66.91
2025-02-13,61.6,65.37
2025-02-14,61.79,65.38
2025-02-18,61.74,65.35
2025-02-19,59.82,63.49
2025-02-20,59.96,63.69
2025-02-21,57.27,61.92
2025-02-24,56.12,60.8
2025-02-25,55.72,60.47
2025-02-26,56.88,61.68
2025-02-27,56.78,61.5
2025-02-28,57.59,62.41
2025-03-03,58.42,63.32
2025-03-04,60.71,65.41
2025-03-05,60.21,64.79
2025-03-06,62.67,67.36
2025-03-07,60.34,64.89
2025-03-10,60.9,65.11
2025-03-11,61.81,66.35
2025-03-12,62.91,67.18
2025-03-13,60.1,64.56
2025-03-14,59.42,63.87
2025-03-17,61.11,65.3
2025-03-18,63.14,67.58
2025-03-19,64.43,68.74
2025-03-20,65.79,70.23
2025-03-21,64.76,70.29
2025-03-24,63.42,68.88
2025-03-25,63.28,68.91
2025-03-26,65.72,71.46
2025-03-27,65.08,70.97
2025-03-28,65.84,71.7
2025-03-31,64.19,69.91
2025-04-01,65.21,71.2
2025-04-02,66.14,72.17
2025-04-03,67.94,73.86
2025-04-04,70.04,75.94
2025-04-07,69.9,75.69
2025-04-08,70.89,76.66
2025-04-09,72.73,78.28
2025-04-10,71.75,77.24
2025-04-11,71.5,77.07
2025-04-14,71.74,77.27
2025-04-15,71.01,76.48
2025-04-16,72.04,77.46
2025-04-17,72.86,78.22
2025-04-21,72.3,77.47
2025-04-22,71.65,76.79
2025-04-23,69.09,75.23
2025-04-24,69.95,76.15
2025-04-25,69.32,75.58
2025-04-28,69.24,75.12
2025-04-29,70.46,76.36
2025-04-30,71.33,77.55
2025-05-01,72.08,78.37
2025-05-02,72.75,78.79
2025-05-05,75.82,81.79
2025-05-06,73.43,79.07
2025-05-07,72.52,78.02
2025-05-08,71.6,77.16
2025-05-09,70.4,75.95
2025-05-12,70.58,76.01
2025-05-13,73.12,78.51
2025-05-14,74.43,79.72
2025-05-15,75.3,80.44
2025-05-16,73.66,79.03
2025-05-19,73.78,79.22
2025-05-20,74.41,79.73
2025-05-21,73.99,80.35
2025-05-22,74.86,81.19
2025-05-23,77.3,83.86
2025-05-27,75.99,82.23
2025-05-28,74.98,80.93
2025-05-29,74.44,80.36
2025-05-30,77.66,83.59
2025-06-02,78.39,84.19
2025-06-03,80.63,86.4
2025-06-04,79.67,85.42
2025-06-05,82.56,88.18
2025-06-06,84.66,90.06
2025-06-09,82.4,87.48
2025-06-10,81.7,86.58
2025-06-11,84.12,88.78
2025-06-12,87.14,91.58
2025-06-13,88.75,93.24
2025-06-16,89.74,94.12
2025-06-17,92.77,97.25
2025-06-18,95.83,100.39
2025-06-20,96.41,100.69
2025-06-23,88.68,94.41
2025-06-24,89.38,94.95
2025-06-25,89.81,95.18
2025-06-26,90.12,95.51
2025-06-27,88.97,94.57
2025-06-30,86.01,91.46
2025-07-01,87.62,93.1
2025-07-02,88.91,94.35
2025-07-03,86.66,92.01
2025-07-07,86.13,91.47
2025-07-08,87.15,92.39
2025-07-09,89.43,94.5
2025-07-10,90.19,95.33
2025-07-11,87.04,92.21
2025-07-14,86.31,91.11
2025-07-15,84.36,88.89
2025-07-16,84.12,88.74
2025-07-17,82.89,87.48
2025-07-18,82.86,87.29
2025-07-21,81.15,85.39
2025-07-22,81.15,85.49
2025-07-23,81.18,87.14
2025-07-24,77.07,82.84
2025-07-25,83.67,89.66
2025-07-28,87.57,93.35
2025-07-29,84.8,90.41
2025-07-30,85.69,91.12
2025-07-31,86.36,91.68
2025-08-01,84.39,89.55
2025-08-04,82.59,87.35
2025-08-05,82.02,86.55
2025-08-06,79.33,83.92
2025-08-07,78.64,83.11
2025-08-08,80.33,84.82
2025-08-11,80.49,84.88
2025-08-12,79.56,83.71
2025-08-13,82.1,85.98
2025-08-14,81.31,85.06
2025-08-15,79.12,82.92
2025-08-18,77.37,81.02
2025-08-19,77.97,81.66
2025-08-20,77.63,81.49
2025-08-21,77.44,82.6
2025-08-22,75.64,80.91
2025-08-25,77.36,82.53
2025-08-26,77.85,82.95
2025-08-27,77.86,82.71
2025-08-28,77.22,82.14
2025-08-29,77.38,82.48
2025-09-02,77.95,83.0
2025-09-03,76.31,81.25
2025-09-04,76.95,81.58
2025-09-05,76.73,81.16
2025-09-08,80.55,85.02
2025-09-09,80.38,84.67
2025-09-10,79.18,83.18
2025-09-11,79.48,83.16
2025-09-12,78.44,82.41
2025-09-15,79.45,83.43
2025-09-16,76.37,80.22
2025-09-17,76.89,80.85
2025-09-18,78.43,82.35
2025-09-19,76.74,80.67
2025-09-22,78.47,82.32
2025-09-23,77.93,82.93
2025-09-24,78.66,83.57
2025-09-25,79.26,84.19
2025-09-26,79.46,84.2
2025-09-29,79.42,84.0
2025-09-30,80.79,85.38
2025-10-01,80.61,84.83
2025-10-02,77.91,81.93
2025-10-03,77.22,80.98
2025-10-06,77.19,81.19
2025-10-07,78.66,82.35
2025-10-08,78.18,82.0
2025-10-09,77.39,81.23
2025-10-10,74.52,78.34
2025-10-13,76.77,80.64
2025-10-14,78.75,82.55
2025-10-15,78.22,82.11
2025-10-16,76.14,79.71
2025-10-17,77.04,80.4
2025-10-20,78.43,81.71
2025-10-21,79.49,82.96
2025-10-22,80.14,84.91
2025-10-23,81.53,86.36
2025-10-24,79.97,84.63
2025-10-27,79.93,84.08
2025-10-28,77.26,81.54
2025-10-29,78.1,82.39
2025-10-30,78.41,82.55
2025-10-31,78.16,82.18
2025-11-03,78.33,82.28
2025-11-04,79.82,83.74
2025-11-05,81.32,85.22
2025-11-06,82.51,86.57
2025-11-07,84.32,88.49
2025-11-10,82.73,86.58
2025-11-11,83.72,87.59
2025-11-12,81.39,85.34
2025-11-13,79.02,82.9
2025-11-14,78.35,82.39
2025-11-17,78.77,82.62
2025-11-18,82.13,86.06
2025-11-19,79.43,83.34
2025-11-20,79.54,83.29
2025-11-21,79.36,84.48
2025-11-24,76.16,81.1
2025-11-25,75.86,80.92
2025-11-26,73.39,78.41
2025-11-28,76.22,81.17
2025-12-01,78.69,83.54
2025-12-02,81.36,86.16
2025-12-03,80.97,85.56
2025-12-04,80.9,85.42
2025-12-05,82.02,86.64
2025-12-08,80.91,85.3
2025-12-09,78.22,82.7
2025-12-10,76.06,80.56
2025-12-11,77.62,82.09
2025-12-12,77.63,82.19
2025-12-15,82.77,87.37
2025-12-16,83.71,88.33
2025-12-17,82.23,86.86
2025-12-18,81.68,86.29
2025-12-19,80.56,85.39
2025-12-22,81.17,87.47
2025-12-23,79.28,85.23
2025-12-24,77.14,83.29
2025-12-26,74.88,80.71
2025-12-29,75.13,80.78
2025-12-30,75.68,81.71
2025-12-31,76.65,82.83
