report_date,open_interest,mm_long,mm_short,mm_spread,producer_long,producer_short,swap_long,swap_short
2015-01-06,1505101,270010,81759,241346,205377,286774,120253,318734
2015-01-13,1627535,305707,100912,274875,229511,330911,127038,309425
2015-01-20,1591022,304529,98823,257452,223956,339795,136898,307310
2015-01-27,1668047,319868,116124,259279,255666,380108,142675,304868
2015-02-03,1721471,310803,117359,279144,258305,382736,176078,325239
2015-02-10,1717593,300286,105240,292900,256509,370168,184439,344799
2015-02-17,1689966,309159,100601,287510,244656,372142,175161,344307
2015-02-24,1695437,317774,119347,259491,264401,390238,183707,338204
2015-03-03,1687908,300081,135887,275294,239843,368126,201464,343581
2015-03-10,1670894,301134,140849,277579,206207,330540,201092,340239
2015-03-17,1760721,314564,170068,299396,205668,338359,219413,337856
2015-03-24,1748067,315174,173210,304287,200057,317497,236742,321007
2015-03-31,1740134,324675,149222,313452,209706,336444,220302,319910
2015-04-07,1743733,335452,119031,313226,202543,339816,215418,321973
2015-04-14,1774773,342607,104051,304229,243508,399621,203542,326924
2015-04-21,1723025,340036,80750,290266,230004,401938,186067,338977
2015-04-28,1717417,339140,81787,284142,221689,392658,193839,343487
2015-05-05,1750082,340604,74294,284530,233630,398478,196807,360469
2015-05-12,1731678,325773,62741,289003,235078,402482,204021,358723
2015-05-19,1621198,318849,68276,266596,201379,372326,197979,377572
2015-05-26,1614397,316262,65247,263227,197758,371713,196383,368646
2015-06-02,1651499,304462,59940,278681,198973,368403,198339,368864
2015-06-09,1641774,298385,61767,272351,196169,361811,200664,360156
2015-06-16,1652013,297492,58448,258146,211227,376308,182661,348466
2015-06-23,1650025,297027,61220,258845,198644,362730,182504,353377
2015-06-30,1670091,286776,65724,262170,205024,369840,186458,353313
2015-07-07,1691891,279448,98418,274637,201152,345380,199924,346572
2015-07-14,1733695,258100,110751,279629,210525,352361,215377,330443
2015-07-21,1668737,239438,125251,275272,193597,329070,208682,330347
2015-07-28,1694436,246018,139552,270602,206398,331930,209902,327978
2015-08-04,1736523,251136,135164,286911,220419,343269,198930,318368
2015-08-11,1676233,251147,151015,266762,167179,299095,206105,306614
2015-08-18,1688731,241712,159158,278942,178379,315306,225220,302122
2015-08-25,1677151,245238,156004,282891,166580,301821,218135,299743
2015-09-01,1688806,250891,140701,286520,158459,300621,220887,297795
2015-09-08,1704251,258812,128732,279278,178255,323160,218692,300193
2015-09-15,1702949,260007,115720,290393,186716,339782,211750,297642
2015-09-22,1606217,269393,105552,255609,154984,324842,207556,287469
2015-09-29,1617902,263126,112736,259413,166039,344482,212026,283332
2015-10-06,1675676,278318,104851,259398,176740,361858,218526,286621
2015-10-13,1645951,269937,87595,245175,204960,390576,207035,296286
2015-10-20,1613562,266363,106570,244676,169869,369669,217982,281548
2015-10-27,1676033,273436,134264,257515,178194,374157,227077,272697
2015-11-03,1676897,281962,116244,271557,161348,374723,236672,267669
2015-11-10,1671590,277775,139178,242615,169671,386748,230008,259003
2015-11-17,1662829,266187,156229,272578,153836,360679,233785,263763
2015-11-24,1632471,250061,164953,283060,144101,355381,252529,254722
2015-12-01,1661176,251057,171805,298513,157123,366048,246377,250324
2015-12-08,1713573,253141,178888,324578,161463,371547,246450,241189
2015-12-15,1678527,254885,175477,311899,149708,361271,239281,235857
2015-12-22,1646306,235119,173062,326487,149029,361828,242545,226427
2015-12-29,1648904,238919,165168,325755,154829,368797,239486,218134
2016-01-05,1703201,231998,182562,348073,162630,375379,234339,210155
2016-01-12,1756232,249863,213491,326905,171050,396035,250440,203695
2016-01-19,1686382,240700,184037,314724,168623,398711,232689,193648
2016-01-26,1761883,268202,191118,318940,189269,442026,235095,191388
2016-02-02,1855603,272485,206215,343376,224224,467613,227385,189782
2016-02-09,1854379,270210,197807,361662,211963,464509,239806,188146
2016-02-16,1840051,267102,209241,371124,182897,433625,269405,187672
2016-02-23,1776696,275705,173453,357338,176022,437086,258565,210730
2016-03-01,1800298,279333,154922,366461,166361,442114,262169,199294
2016-03-08,1816474,286827,121576,377482,177906,459477,262414,221932
2016-03-15,1782857,297622,102677,370260,170375,438090,237940,237962
2016-03-22,1705631,294899,68813,357844,151986,438768,231699,241846
2016-03-29,1734511,291100,81918,352096,167139,456110,222296,238375
2016-04-05,1773774,289770,113262,344622,168241,450906,226490,231652
2016-04-12,1803510,289000,87980,350287,171147,456787,251379,244973
2016-04-19,1714186,297733,75862,312610,156094,452779,219454,248547
2016-04-26,1714689,296197,72730,301512,169991,461052,220676,254690
2016-05-03,1748628,285229,72472,310881,184485,472880,223876,250688
2016-05-10,1724987,284570,92839,278842,209526,493060,236744,244831
2016-05-17,1698980,294071,72245,264496,190853,486146,219249,275385
2016-05-24,1657419,281321,70336,278089,164234,451584,204663,259055
2016-05-31,1709540,273948,63302,297513,182723,472201,202310,252194
2016-06-07,1748314,281955,89364,317496,181530,465904,213759,249547
2016-06-14,1774350,268734,116036,324967,181567,457036,209345,251408
2016-06-21,1726381,279417,98441,312021,173452,449722,217589,258900
2016-06-28,1720740,275846,123235,292431,193911,464289,211378,248784
2016-07-05,1751823,278085,132720,301808,204086,467686,203002,244439
2016-07-12,1728765,283738,129209,296267,208422,473865,216190,244099
2016-07-19,1685116,289395,153309,283332,181793,442834,208551,243512
2016-07-26,1718306,291432,190825,284954,191578,449595,213711,240035
2016-08-02,1792640,292454,227763,297162,209219,460778,215743,243886
2016-08-09,1829979,307186,232202,281874,226696,487459,246971,244415
2016-08-16,1852402,308899,175322,277054,228313,519418,231943,233267
2016-08-23,1747499,320757,100651,257581,206377,501997,206569,254497
2016-08-30,1787891,300644,104928,282888,244999,524848,191965,248680
2016-09-06,1861718,296386,148034,293754,256969,519818,209987,235805
2016-09-13,1829620,293429,123034,307272,255320,517794,186815,233296
2016-09-20,1811705,290493,161939,288878,253632,507277,194749,226935
2016-09-27,1830991,307925,152986,286580,254805,518771,195043,227944
2016-10-04,1871665,326975,104144,316309,250704,528193,169924,248656
2016-10-11,1880412,337612,83237,334221,242076,540757,169961,280611
2016-10-18,1811281,327095,62609,316231,203545,497460,160967,275791
2016-10-25,1821737,311053,66428,324795,205471,498051,154640,276561
2016-11-01,1854612,290299,78890,333613,224859,489187,168346,279027
2016-11-08,1973656,293347,162455,350551,270377,524345,209135,254735
2016-11-15,2027539,308940,185047,316075,276423,550395,247259,250861
2016-11-22,1995504,333888,179067,336991,268668,536489,238026,252134
2016-11-29,2020026,321114,162434,350572,290721,554091,212452,253767
2016-12-06,2098290,351457,108932,406022,323194,595937,169391,296009
2016-12-13,2104703,366232,91475,411110,336015,608297,134565,310124
2016-12-20,2029807,356614,72861,431488,290830,570074,149009,323862
2016-12-27,2037834,357096,71857,444825,281156,557922,144781,327385
2017-01-03,2089324,356275,76578,445192,312021,593460,145217,330542
2017-01-10,2114656,353726,75366,433493,338039,626679,150472,327232
2017-01-17,2179122,403021,59606,437034,336347,635359,152144,335503
2017-01-24,2151809,420513,53692,441312,324620,630187,150154,342527
2017-01-31,2181656,427935,53471,423598,342192,655171,149467,345626
2017-02-07,2191158,419755,67732,411419,353142,657566,150869,350928
2017-02-14,2183943,432594,49062,369269,384000,703430,159104,366091
2017-02-21,2103278,448846,43518,350832,323391,665302,149584,379458
2017-02-28,2120334,429168,60566,357669,331051,661192,157850,373725
2017-03-07,2137532,418346,61168,364601,342230,662690,158759,373798
2017-03-14,2240261,383767,128947,353205,402150,673907,190170,365819
2017-03-21,2194206,361256,127857,346390,416395,677811,183963,355984
2017-03-28,2222462,345055,134810,379578,410098,663212,196032,353007
2017-04-04,2213064,343733,115741,397333,379478,637719,196411,343942
2017-04-11,2193567,354115,77094,412057,390718,634964,186762,371914
2017-04-18,2161434,366681,73576,408566,379023,628206,180336,376403
2017-04-25,2188272,318733,97783,410585,385949,626889,185072,377757
2017-05-02,2215531,299554,136549,388480,393287,628014,205088,380221
2017-05-09,2276413,299622,183771,370795,431647,646442,223062,348061
2017-05-16,2337124,293217,177657,392235,438514,654646,224717,342092
2017-05-23,2211099,287276,114532,410794,418969,630557,202750,359713
2017-05-30,2198081,289584,104388,408165,406726,617446,191010,358055
2017-06-06,2228585,308157,106567,415959,395477,615582,192772,363486
2017-06-13,2176740,317192,148565,360574,392697,603785,206420,371337
2017-06-20,2118015,299982,189233,343923,397367,595480,205036,366637
2017-06-27,2143111,308260,202277,343285,409438,603555,214847,367068
2017-07-03,2172632,309364,181396,349280,426428,622760,221906,363720
2017-07-11,2133575,308829,151574,320595,427434,631049,202813,360569
2017-07-18,2140060,328364,119023,311864,424530,637722,193643,378771
2017-07-25,2149971,327029,90169,331446,392149,602784,197539,408970
2017-08-01,2219691,374771,84892,377621,374721,585356,190549,465049
2017-08-08,2215548,373065,87801,370968,356254,544770,187105,475331
2017-08-15,2311603,363317,94020,384718,384448,575538,185558,467967
2017-08-22,2236977,347101,94806,392312,370437,552989,176697,450011
2017-08-29,2247058,315519,176960,396103,393167,533436,182456,423367
2017-09-05,2326586,328634,158959,441344,430116,563160,179221,434906
2017-09-12,2345125,310596,156518,436566,475884,584204,178810,449805
2017-09-19,2377488,337800,129341,421497,484965,596256,181137,489783
2017-09-26,2411223,363758,102651,456082,453473,560647,177965,530116
2017-10-03,2471226,360904,110731,497505,479268,576675,183602,538411
2017-10-10,2437479,361328,122704,480905,464428,550694,185869,519773
2017-10-17,2440472,365292,143158,474381,429057,514463,187101,533213
2017-10-24,2371940,376389,136425,453555,407429,491445,187474,553047
2017-10-31,2509878,396081,100849,520730,460244,538586,184382,608914
2017-11-07,2601977,415679,75410,542806,491538,572489,191501,661957
2017-11-14,2627570,432765,60526,550217,417212,523814,182951,690433
2017-11-21,2512147,409921,70429,555220,379873,475708,181535,669498
2017-11-28,2489012,442394,44288,557421,364854,466324,182482,702808
2017-12-05,2554224,443885,48805,572474,413838,506697,180850,711251
2017-12-12,2571686,436971,46825,573321,437517,525461,179559,720945
2017-12-19,2456059,423689,48064,527786,409771,489539,177508,717731
2017-12-26,2460193,444833,40595,500037,405493,489725,177419,737456
2018-01-02,2479798,426682,37546,496578,419764,497296,177172,747754
2018-01-09,2545313,463262,30612,503929,428496,496673,176648,782569
2018-01-16,2611581,514642,30813,541579,408183,486869,176234,829262
2018-01-23,2593128,514887,36330,546319,395966,471218,173004,836726
2018-01-30,2643683,519545,36765,591055,389730,473963,172205,852769
2018-02-06,2589270,500141,32358,578399,395985,476643,169390,850156
2018-02-13,2530604,477670,29270,583561,373972,449307,161886,822464
2018-02-20,2431805,460261,22330,552482,356982,433966,161638,800742
2018-02-27,2460214,480874,20537,544958,360840,454753,163568,799644
2018-03-06,2451492,469822,28698,537517,378802,470741,157764,780373
2018-03-13,2403162,455113,30106,493354,410223,495970,155258,766875
2018-03-20,2392391,479798,23570,494010,401744,497754,159634,787500
2018-03-27,2513575,493496,30072,534860,438524,525253,159843,811145
2018-04-03,2547337,454856,33792,549437,461671,548257,158532,796510
2018-04-10,2480033,450579,33777,489609,429351,530386,164631,791272
2018-04-17,2596578,460778,29221,539268,450882,552184,162439,805130
2018-04-24,2574820,455634,31038,530450,454594,535769,181865,839033
2018-05-01,2621768,440176,34075,564751,495405,569793,188421,833939
2018-05-08,2658229,428558,25437,545032,520850,581516,195937,833611
2018-05-15,2706454,406139,28683,566896,520221,550304,200105,844397
2018-05-22,2643354,385874,31593,571293,492032,506672,197459,848321
2018-05-29,2620926,351076,50089,572740,483301,490399,195952,841483
2018-06-05,2546827,341644,55468,549402,459623,485344,200359,807924
2018-06-12,2524439,351619,61152,538155,465328,509783,196899,793192
2018-06-19,2458404,349807,53944,541611,427377,465516,184017,765951
2018-06-26,2423829,398030,19159,561926,395809,461277,181425,771415
2018-07-03,2466531,445884,15056,597918,391204,472724,177617,780023
2018-07-10,2499172,447069,17353,614443,417719,500271,175640,780169
2018-07-17,2440486,404894,14132,615307,424158,496784,167041,765638
2018-07-24,2361062,399534,15889,589216,400887,461955,165901,756489
2018-07-31,2349169,402496,18051,575725,404140,463449,163684,755972
2018-08-07,2342575,396109,16864,580187,408588,472146,162268,751058
2018-08-14,2329989,353696,21188,599468,399163,457979,162242,722173
2018-08-21,2235767,364895,33235,574920,381632,416803,164112,707785
2018-08-28,2240977,378229,19992,559808,384422,428941,165575,706882
2018-09-04,2303047,396983,19242,582243,398138,449593,168631,716703
2018-09-11,2281869,373377,24809,575480,400214,449684,170093,696432
2018-09-18,2228937,352604,25847,551743,389771,435303,171736,694142
2018-09-25,2225779,358204,24563,557167,363909,433868,170639,696870
2018-10-02,2245589,359337,29838,566839,370133,421438,176371,708695
2018-10-09,2217171,334714,38037,557536,383926,411922,169870,710530
2018-10-16,2218887,307049,57497,545814,398643,417302,172472,691000
2018-10-23,2131494,269291,69842,523017,394127,412102,168042,652882
2018-10-30,2093055,255238,68728,480675,422496,423474,167524,633617
2018-11-06,2075239,241906,93737,414321,434452,439192,160976,602847
2018-11-13,2110793,244987,109306,398521,464623,467862,160171,576459
2018-11-20,1998866,235546,102596,373974,455811,438755,150091,563537
2018-11-27,2020092,222409,93965,388302,467968,446724,150906,545365
2018-12-04,2048735,210034,106054,411158,474099,457779,155969,520813
2018-12-11,2050634,206987,112347,417283,467856,449876,153702,502634
2018-12-18,2063376,195923,128627,435651,495670,478536,151655,503074
2018-12-24,2073992,196962,120752,454603,491621,467803,148831,494646
2018-12-31,2104675,203415,125298,494696,486566,474853,147749,468993
2019-01-08,2120930,202408,142709,476951,492894,482907,150934,436196
2019-01-15,2103777,204610,108148,468291,469416,500125,157324,436039
2019-01-22,2048817,214399,89168,426276,462524,513964,162294,445847
2019-01-29,2042018,224573,70931,427849,440773,515234,165366,433760
2019-02-05,2057061,229031,81026,410872,448768,505844,164168,439214
2019-02-12,2077398,219088,82705,419862,489709,529299,167141,426479
2019-02-19,2019218,222647,79198,405570,489846,507742,155553,460080
2019-02-26,2025884,224313,76399,397831,497826,513822,150697,472321
2019-03-05,2067851,239723,63656,426755,483058,508446,148274,480461
2019-03-12,2012864,242177,58369,420379,458130,490449,148283,485467
2019-03-19,1962559,284974,46309,395513,430344,471110,143270,529351
2019-03-26,1968511,305594,38543,392821,409183,465761,145038,543878
2019-04-02,1975009,318080,32378,366879,413328,479754,146345,567192
2019-04-09,2021814,344229,24171,381348,444236,518731,153251,614238
2019-04-16,2092151,345258,25210,431844,450464,516293,156742,620903
2019-04-23,2139213,352453,22057,472585,448757,507806,158645,670065
2019-04-30,2144648,343484,27486,495268,433628,481154,156427,658064
2019-05-07,2133539,319320,38192,506719,425224,456214,150467,641056
2019-05-14,2153657,304707,40168,498979,453781,485744,146990,623906
2019-05-21,2085029,277839,39105,513372,427922,449977,138822,618653
2019-05-28,2102854,257197,55890,531510,430074,432243,135433,582341
2019-06-04,2078407,239064,68688,505568,435545,424124,132244,555213
2019-06-11,2057046,214928,96527,487028,446808,428434,138697,515690
2019-06-18,2003618,223751,71072,462047,435179,423312,140591,515127
2019-06-25,2004961,215133,53922,465968,449040,426663,138944,536229
2019-07-02,2031169,225003,51394,494764,438402,414608,135368,557393
2019-07-09,1999766,224016,46979,486691,422456,399784,137304,552943
2019-07-16,2089629,268607,48964,522087,423330,408288,138174,584762
2019-07-23,2056492,255681,76957,524550,416733,390065,139146,563302
2019-07-30,2069072,259812,79192,500613,435611,413189,140203,549692
2019-08-06,2070210,264936,86287,462362,443673,410221,133538,541079
2019-08-13,2059135,277969,67580,486158,403077,382808,138885,530688
2019-08-20,2002847,269925,49493,500205,401129,397180,133848,543610
2019-08-27,2003007,250734,57053,490798,409527,407218,133433,518187
2019-09-03,2082415,242150,62554,519248,435531,416455,131811,533006
2019-09-10,2080994,262145,41657,527914,427811,417361,133402,568040
2019-09-17,2073041,266138,39324,492321,429278,402579,135475,602457
2019-09-24,2048088,261776,53064,473965,449884,420943,133940,603135
2019-10-01,2085676,217764,76541,476355,468378,435995,135177,569537
2019-10-08,2105717,210463,113400,468676,478983,447388,136547,531651
2019-10-15,2136717,211183,120721,497027,474755,451204,138258,526266
2019-10-22,2081290,229935,130083,467771,463299,431157,136146,535258
2019-10-29,2045914,227229,115776,453581,450131,425999,137554,545863
2019-11-05,2083893,236564,106362,473337,449547,432775,137349,560067
2019-11-12,2151499,226642,63123,511807,464878,478066,136614,548177
2019-11-19,2123596,213438,75368,529760,457844,458185,124867,565670
2019-11-26,2187168,244968,35781,562820,468648,486425,123924,580923
2019-12-03,2163757,214170,62981,557473,472745,483558,130867,557764
2019-12-10,2229813,271959,30942,556783,493855,513544,127877,610177
2019-12-17,2166584,310460,25131,499728,439892,465687,133364,649532
2019-12-24,2114661,324992,31272,493259,399370,417347,135930,676822
2019-12-31,2145567,331362,30584,501083,407814,432258,135952,679143
2020-01-07,2244930,340235,29708,551407,427802,454860,138350,709217
2020-01-14,2215893,285931,48882,603210,394095,395926,138293,700794
2020-01-21,2146832,291872,48176,580595,372657,369076,137850,690907
2020-01-28,2172019,264171,85712,594978,363255,354371,139223,634242
2020-02-04,2271741,249960,123251,570742,445078,420616,141180,590768
2020-02-11,2213522,236316,123923,513665,451866,438213,140951,567211
2020-02-18,2138168,223429,118106,503664,416813,408548,135064,563539
2020-02-25,2179833,215912,81481,501523,473740,474630,133051,571964
2020-03-03,2196089,224961,114473,482130,481474,468448,132762,535958
2020-03-10,2220972,258780,111996,485973,480642,464070,138644,551598
2020-03-17,2154450,233160,74993,423894,524127,492908,118950,606767
2020-03-24,2141284,243563,78503,400631,489761,451886,123658,628426
2020-03-31,2340672,266671,100469,453541,541367,526807,139735,633689
2020-04-07,2342227,271865,91542,438868,555045,540300,126318,666110
2020-04-14,2353955,295870,100515,439978,488323,519210,138641,662583
2020-04-21,2276638,324667,77189,401214,468562,517090,146426,690480
2020-04-28,2261202,384326,65960,346636,463745,539452,133110,647688
2020-05-05,2243871,392191,63590,340466,464901,557148,136434,581085
2020-05-12,2248020,405071,53386,361750,491543,600425,134875,583964
2020-05-19,2158749,401853,41670,394475,425213,546228,139073,593013
2020-05-26,2135678,420655,45845,386140,408856,547988,141849,573857
2020-06-02,2127664,438274,44143,377205,400183,570274,148732,578655
2020-06-09,2126629,444681,47132,372603,397123,574214,153372,584844
2020-06-16,2076990,428957,55896,391927,370427,542736,152338,560338
2020-06-23,2003477,426549,56461,372858,352885,522392,149390,575761
2020-06-30,2008618,435127,60260,384490,330293,488499,150756,562935
2020-07-07,1972049,424344,63336,370189,327114,475611,150367,564196
2020-07-14,2019705,422842,62853,387309,356706,494204,148463,571758
2020-07-21,1956768,430855,60733,382007,320330,455384,147322,590924
2020-07-28,1992556,418040,66264,404633,343527,474076,151814,585722
2020-08-04,2032921,427869,65676,422707,339264,452560,150786,604551
2020-08-11,2060880,421037,73041,429320,355268,453799,153789,612055
2020-08-18,2044952,412744,76008,440294,376011,463236,145679,606201
2020-08-25,2052448,421127,89342,460056,367966,451737,148168,601366
2020-09-01,2064137,422645,93057,482451,358914,439801,146836,593185
2020-09-08,2046660,381443,120324,473194,364935,422023,150954,574048
2020-09-15,2108987,401067,109201,489250,392441,447489,150679,570478
2020-09-22,2028620,412708,89492,462200,358737,421500,146043,575979
2020-09-29,2078331,401864,99406,497283,365934,431472,148592,564256
2020-10-06,2111762,403194,96499,502588,381207,457226,150840,563185
2020-10-13,2059382,386213,88174,489690,374026,448901,151181,573221
2020-10-20,2008815,409109,71572,473872,342810,432093,150666,572500
2020-10-27,2011744,396466,96127,483233,338934,430538,150872,558072
2020-11-03,2013491,370065,106626,486799,345621,435300,161494,539373
2020-11-10,2053450,370004,75663,501779,367335,457067,167233,562994
2020-11-17,2083804,383673,83845,507989,382400,467440,153838,572834
2020-11-24,2083018,402988,72886,486539,370173,464456,151375,612878
2020-12-01,2122605,406334,67800,510520,385541,472661,151431,624306
2020-12-08,2131913,406664,67302,507150,410827,494538,153226,625990
2020-12-15,2154618,405466,59849,500469,433697,511935,152505,626205
2020-12-21,2120797,396098,60329,512420,397823,476874,152508,644034
2020-12-29,2121502,393133,60770,514939,397651,481784,154454,622271
2021-01-05,2169541,407901,76702,510155,401615,478823,151864,636507
2021-01-12,2234696,421098,73054,527621,435107,507713,151513,655831
2021-01-19,2217037,414975,70266,540271,420555,488561,156468,646163
2021-01-26,2316660,414159,77918,588144,448236,526780,159399,631906
2021-02-02,2389677,422487,77254,578494,502171,589744,161717,622351
2021-02-09,2446808,436352,66871,597134,536887,621435,158440,644924
2021-02-16,2507620,434675,55703,617025,573177,651170,159342,656133
2021-02-23,2460204,423837,59607,611560,556817,629238,164785,662188
2021-03-02,2491831,430087,66696,638794,542417,624448,163498,659303
2021-03-09,2494636,420512,56366,628068,541011,618305,161232,678569
2021-03-16,2523179,417412,54979,640487,549736,622032,165324,672228
2021-03-23,2321767,408942,55578,505085,495497,572660,168098,668691
2021-03-30,2327016,400868,44950,531525,483408,568423,167592,661770
2021-04-06,2340357,377544,43151,539637,501750,594957,163513,633780
2021-04-13,2301831,390723,47132,503996,547213,633036,165898,624763
2021-04-20,2346793,395792,58051,532364,568341,653987,165315,628543
2021-04-27,2353470,397664,52727,518585,567816,668390,167305,608872
2021-05-04,2419641,409731,54415,550745,561621,672560,169575,615106
2021-05-11,2444466,390384,59364,559497,566426,683665,171173,610785
2021-05-18,2458804,370034,55200,595140,605715,685111,170105,623238
2021-05-25,2426045,387043,60769,598574,571461,654605,170889,612285
2021-06-01,2507073,403072,57026,601096,592616,688608,170104,620704
2021-06-08,2511533,416686,45277,578552,594436,689937,165655,631107
2021-06-15,2474859,418130,35519,513379,592244,695366,165199,633977
2021-06-22,2348317,423778,49381,498407,485976,594338,162577,628653
2021-06-29,2369631,409136,53033,492734,509690,622062,164972,628684
2021-07-06,2413946,379903,54024,489930,544235,637952,164712,622357
2021-07-13,2413536,385078,56135,485091,548553,637058,161991,621041
2021-07-20,2243475,343853,63502,445112,481310,530111,163960,615695
2021-07-27,2326985,353278,75668,444917,557350,598467,161734,608506
2021-08-03,2313202,337498,77258,445693,542087,572187,159512,603770
2021-08-10,2194794,325266,77724,420958,488855,497428,156083,594029
2021-08-17,2135698,321982,72807,424917,461657,464875,156553,600589
2021-08-24,2042879,318887,78759,399686,440575,415453,157011,590155
2021-08-31,2074185,319625,80681,402770,470678,444458,158397,578930
2021-09-07,2107706,316871,81414,390711,505803,471976,154828,579906
2021-09-14,2145165,329804,71573,388935,534461,496325,152166,587490
2021-09-21,2101558,325231,79421,408208,484013,442239,150419,588373
2021-09-28,2175199,339873,81956,429892,494736,465779,145006,592843
2021-10-05,2230794,353154,75048,457342,476106,456736,140322,602951
2021-10-12,2231227,366395,72247,450923,483027,469938,132825,599598
2021-10-19,2205089,362657,61183,484301,457084,451622,133299,611942
2021-10-26,2144359,347075,55467,470401,439651,442867,133039,602235
2021-11-02,2121461,336559,58742,476784,445551,444784,134875,597158
2021-11-09,2081385,348456,52223,443028,448861,442706,131876,599995
2021-11-16,2057633,312775,41028,469193,453849,439236,135257,620194
2021-11-23,2028573,316079,47739,452715,465906,453941,131609,598539
2021-11-30,2033286,301458,67752,447048,459102,441184,129641,580444
2021-12-07,1972536,296637,70144,428549,478802,440237,126276,565272
2021-12-14,1953397,288931,77077,412930,496021,444776,123160,559932
2021-12-21,1892701,292183,75270,390329,500300,441360,119727,554483
2021-12-28,1867339,298738,64865,394887,470122,411258,118591,550547
2022-01-04,1887131,298199,64844,409425,479021,425137,118415,542255
2022-01-11,1966615,309691,51037,436858,512515,459452,114530,564533
2022-01-18,2059564,324378,44867,461914,550840,498242,110993,590643
2022-01-25,2095994,308832,44978,527294,531320,478567,109650,583049
2022-02-01,2093735,312271,43136,558029,490091,440135,107420,572034
2022-02-08,2170681,306282,45638,589264,530335,471178,106698,577999
2022-02-15,2122758,291400,37945,561344,523826,453137,107784,570473
2022-02-22,2058132,278790,45553,563719,506461,423381,116017,581988
2022-03-01,2028476,287396,43119,507146,496834,414095,115382,609076
2022-03-08,1896974,276775,41938,432474,472550,387055,114225,608529
2022-03-15,1850794,266577,42926,410064,474989,373114,111101,595578
2022-03-22,1788211,261939,45315,406042,431351,338509,114820,587742
2022-03-29,1795929,256790,44756,412093,431038,342364,116711,565547
2022-04-05,1823366,250332,44737,414591,453763,364722,113169,557645
2022-04-12,1783725,255201,47884,383839,466333,378039,112982,551879
2022-04-19,1740300,254661,47877,376030,443010,348967,111577,556872
2022-04-26,1733586,258898,37947,387603,416374,342067,110172,542800
2022-05-03,1751564,261383,36857,413044,398609,339617,109003,534208
2022-05-10,1736594,262116,40015,404406,423269,361002,69509,486255
2022-05-17,1730665,291322,27474,402326,430134,369751,66292,490544
2022-05-24,1711863,287463,29804,409667,413302,357310,67703,498322
2022-05-31,1787928,291899,26192,428649,448574,395459,66411,493287
2022-06-07,1790618,290174,26693,432315,444909,399000,65128,480070
2022-06-14,1715674,282212,32372,403080,431209,375268,68872,466467
2022-06-21,1658636,254988,38635,387774,429523,359598,68118,461958
2022-06-28,1651566,261002,35253,380248,431834,365903,64298,458167
2022-07-05,1637862,245861,54159,361006,421693,347105,62307,441112
2022-07-12,1612803,244944,44449,364918,409724,334775,62094,431569
2022-07-19,1577616,253328,41916,355828,409110,331630,59144,430313
2022-07-26,1597451,243710,43534,361306,418296,342647,62526,421664
2022-08-02,1606910,224177,45634,366706,434640,349767,62669,420408
2022-08-09,1570131,207962,58045,350528,466254,360385,63934,407876
2022-08-16,1557349,203553,68235,331571,463128,365551,66594,403462
2022-08-23,1503506,203267,42940,333621,433367,338761,59989,422851
2022-08-30,1470207,200782,53127,309448,413829,325026,62190,407241
2022-09-06,1480320,198513,53303,308817,413227,323419,64499,394724
2022-09-13,1498059,202300,43952,306356,417736,331529,63013,393227
2022-09-20,1481545,206193,41165,313259,410950,339694,64970,397794
2022-09-27,1504991,190822,51655,320755,415347,335011,63628,390836
2022-10-04,1495538,195247,36371,322140,401884,339383,62733,386088
2022-10-11,1499498,210330,32841,315347,406102,368939,68984,389773
2022-10-18,1454431,195314,47335,306897,381990,347146,69285,377886
2022-10-25,1436942,197343,43660,301891,383914,346957,66627,371610
2022-11-01,1459052,212424,43011,290806,404396,364180,64493,380470
2022-11-08,1446658,229598,43942,279799,384031,368730,68542,385168
2022-11-15,1469437,212532,46241,295161,386838,378215,69721,385739
2022-11-22,1405565,196423,49260,322821,340828,326381,74277,365718
2022-11-29,1412121,186206,46409,327906,338600,321096,74142,354300
2022-12-06,1436728,208273,64192,318820,338878,330978,78934,346387
2022-12-13,1450482,209842,65359,333412,345347,338784,82752,337062
2022-12-20,1395622,213065,50393,324628,322894,325589,75855,329718
2022-12-27,1413545,212511,43509,338698,319799,335286,76388,327455
2023-01-03,1459936,201793,62953,358718,342423,358368,81675,314770
2023-01-10,1557092,191544,62212,406118,390732,388261,85704,313677
2023-01-17,1613466,200164,41349,437259,411633,412805,83425,337852
2023-01-24,1660450,197545,34535,447040,435541,438991,78899,348695
2023-01-31,1726378,206008,48582,471969,441249,446838,80633,341666
2023-02-07,1791955,207741,61735,489080,489696,485946,81291,329589
2023-02-14,1821601,218288,54509,501074,535967,543826,80817,320328
2023-02-21,1756029,199714,65678,484620,520853,519670,79699,322179
2023-02-28,1750212,210034,70080,480935,508284,508521,80450,311511
2023-03-07,1755027,206873,59936,487024,507632,512178,70763,300706
2023-03-14,1767660,185607,89321,483236,517997,510546,75261,295345
2023-03-21,1791902,178905,126758,474719,551450,498758,70174,301770
2023-03-28,1785807,174327,76400,515552,513790,473999,65845,297252
2023-04-04,1858446,200741,34478,548725,523061,501689,66447,327789
2023-04-11,1875140,212632,24338,555431,526256,510235,68932,340364
2023-04-18,1913192,221223,29482,596239,527602,525253,75090,350686
2023-04-25,1826195,215016,40926,513192,497975,509700,80168,339640
2023-05-02,1908299,188610,56779,523990,549363,561327,84866,325807
2023-05-09,1885886,209337,62081,493800,563469,561221,84884,326588
2023-05-16,1856570,209384,77714,495673,533225,519193,90236,319880
2023-05-23,1847901,196246,76588,522963,525835,505442,80479,318258
2023-05-30,1920740,185237,106797,523210,547149,514596,82692,308122
2023-06-06,1951628,196737,115383,497379,568236,534330,74612,306895
2023-06-13,1886782,209069,138025,470145,553264,516991,76904,297449
2023-06-20,1846816,210478,118736,478944,551570,506032,70862,306318
2023-06-27,1865745,202078,145858,455883,564161,509200,70125,291744
2023-07-03,1816043,195740,117712,437629,566672,507032,64774,294562
2023-07-11,1796348,223385,101082,421225,539158,486899,58629,307576
2023-07-18,1768189,242461,80540,447132,490971,460032,58508,322937
2023-07-25,1743598,244610,61760,428253,491247,469227,60629,333625
2023-08-01,1752072,256964,58029,420962,483370,470892,60269,339986
2023-08-08,1703711,256368,50993,361160,482375,474825,63032,348920
2023-08-15,1702766,239367,65525,355077,486887,473107,64156,348037
2023-08-22,1623347,219601,75393,342109,454780,428439,61386,344068
2023-08-29,1658521,225285,53520,357264,475110,443049,59805,352814
2023-09-05,1703130,268738,35820,369833,441087,418540,61784,393328
2023-09-12,1791696,293746,29716,371949,466794,456080,64355,423782
2023-09-19,1692990,311274,29654,350989,431615,416032,63776,434194
2023-09-26,1750559,330645,28985,400896,397602,394434,60156,438728
2023-10-03,1787495,323533,30298,419041,414354,412613,55824,439511
2023-10-10,1753314,281221,26677,399187,450254,437777,56938,432425
2023-10-17,1654168,243150,40006,375537,413780,391757,62103,424676
2023-10-24,1628044,247886,51910,381583,390962,371285,59628,420263
2023-10-31,1671255,220229,84165,388405,415990,383793,61250,402214
2023-11-07,1688562,218063,106754,379659,441493,394766,62601,386042
2023-11-14,1639133,213109,113546,348431,440697,367198,59155,379416
2023-11-21,1553677,200481,115552,340983,418077,318182,60880,390784
2023-11-28,1563737,203808,125492,344582,405739,292395,63995,384118
2023-12-05,1650437,201196,138419,353150,475183,355043,68543,383309
2023-12-12,1650245,189511,143599,333246,498401,363043,65876,376560
2023-12-19,1579670,193729,106401,336649,463653,329349,55597,385772
2023-12-26,1554682,204638,97235,322607,463418,339570,52029,386975
2024-01-02,1586914,199139,132576,336292,467851,328570,57346,378831
2024-01-09,1598167,201782,110826,332750,485089,353270,56199,372645
2024-01-16,1610493,196664,124191,309969,502525,357612,53494,377034
2024-01-23,1649542,211002,89252,345983,524758,390379,46341,383188
2024-01-30,1747660,213400,75885,398526,540301,413885,48063,393554
2024-02-06,1808220,167934,90861,421510,568604,427102,52615,383300
2024-02-13,1715857,180235,80047,433454,502005,354226,44916,384197
2024-02-20,1662234,193300,69904,402146,493605,363524,43443,390998
2024-02-27,1658921,217215,50677,419837,452435,355547,43379,388521
2024-03-05,1642519,210194,35609,405911,419049,347593,45343,388454
2024-03-12,1718985,199527,38934,463317,459551,379291,44209,389523
2024-03-19,1713716,236945,31261,458240,436432,360950,41407,425292
2024-03-26,1775565,251670,45876,472635,457619,397198,39911,415871
2024-04-02,1757685,261334,45491,451311,440363,385328,40294,427850
2024-04-09,1762094,271319,49187,426058,458713,396642,45225,445043
2024-04-16,1799606,267691,81905,455139,456185,385484,46622,446407
2024-04-23,1765266,238825,77423,460077,490273,398571,41587,440814
2024-04-30,1794542,245431,86726,458736,508370,421463,41703,437353
2024-05-07,1836765,207621,103102,487733,557621,437664,45197,426225
2024-05-14,1787763,201164,81932,461331,547322,426844,44568,416007
2024-05-21,1784152,215685,54138,481374,547154,442723,45124,415981
2024-05-28,1833461,233415,37230,501072,562019,472761,41448,409580
2024-06-04,1814253,209744,64432,498628,543849,452182,45780,391078
2024-06-11,1755642,215373,28691,470772,545152,446366,42085,401048
2024-06-18,1677538,227938,47304,423130,505116,411326,41459,409872
2024-06-25,1680601,261959,37321,412319,471503,391235,41453,424390
2024-07-02,1721585,267529,34326,435234,474725,390377,41892,437322
2024-07-09,1767729,271012,31000,447581,480718,402596,42438,445997
2024-07-16,1831212,276160,27659,486686,498135,420439,42395,445155
2024-07-23,1809094,258257,33216,468958,507687,423386,42751,438502
2024-07-30,1787630,226272,27022,470371,522697,423989,43644,420556
2024-08-06,1828846,216359,43725,476650,552693,423886,43229,419450
2024-08-13,1790876,216524,24759,461587,544875,422688,43316,425089
2024-08-20,1742632,204954,35041,467981,517920,401840,48407,418560
2024-08-27,1742613,210977,31008,449273,515484,392996,47811,420972
2024-09-03,1727524,184324,69056,429696,524946,375110,50049,404391
2024-09-10,1802465,188368,92535,469168,550376,378775,48956,384391
2024-09-17,1812275,187270,56497,486144,594969,421571,49356,388864
2024-09-24,1780393,211573,52491,456498,588810,425546,46257,383916
2024-10-01,1771336,205645,68716,449976,567971,386910,44658,400323
2024-10-08,1707072,191953,60890,386244,563047,370595,44416,450687
2024-10-15,1689760,170958,52412,378032,539989,349729,42843,445516
2024-10-22,1648928,161903,59957,366591,541202,346848,41486,432009
2024-10-29,1751736,168343,76710,406061,585060,383502,44207,421452
2024-11-05,1746717,203273,56622,401513,553985,359245,42715,448681
2024-11-12,1792299,200728,67065,406614,563765,369688,44234,445888
2024-11-19,1768651,188283,83342,404140,581412,360705,44214,467092
2024-11-26,1740661,185017,78608,388091,554317,341767,44402,463560
2024-12-03,1780843,192032,77211,395739,561683,341528,43387,475139
2024-12-10,1808227,185282,80314,399837,583244,360870,48366,472250
2024-12-17,1827905,226042,61655,388655,593848,389060,44290,486081
2024-12-24,1829252,247311,60397,384498,589409,396103,43647,488339
2024-12-31,1872970,255707,52659,403590,594089,405044,44428,490144
2025-01-07,1958411,295756,41877,424319,607736,418265,46029,521630
2025-01-14,1896350,290600,54358,393366,567273,376985,42826,550238
2025-01-21,1867000,285606,38161,397136,553236,365023,39969,544778
2025-01-28,1782462,240582,49051,369295,537188,329527,37304,535353
2025-02-04,1765342,204272,60136,393098,518705,294904,39320,522697
2025-02-11,1788275,210539,80235,391476,542562,311393,39547,515409
2025-02-18,1752594,189761,83869,376556,552840,317320,44035,496981
2025-02-25,1768799,177427,108654,384623,545485,308645,47903,479707
2025-03-04,1816244,171447,72798,410132,568285,333288,52840,465817
2025-03-11,1793310,171354,63610,395424,565995,325873,54307,473173
2025-03-18,1768386,175659,83396,386460,566019,325880,51831,474198
2025-03-25,1783978,181704,88461,369114,592745,348564,49936,484255
2025-04-01,1836468,188212,86795,367715,608450,336647,49047,497560
2025-04-08,1991545,155667,107128,432093,676913,378788,37154,483838
2025-04-15,1918217,179562,99649,411007,636108,343321,34738,481240
2025-04-22,1860519,195213,63478,403269,601670,319240,35585,491900
2025-04-29,1896516,200874,60843,407253,611678,348607,36899,483462
2025-05-06,1982266,208513,79938,441746,609194,361375,39978,468387
2025-05-13,1948099,191026,72930,400119,644044,390802,36231,474311
2025-05-20,1873273,187115,75236,410209,594159,337740,41376,484589
2025-05-27,1943708,181394,77447,441293,606643,336250,43524,483024
2025-06-03,2010313,207243,62612,461729,613388,356103,45072,476821
2025-06-10,2017212,213624,52047,450349,638102,392627,47508,493654
2025-06-17,1938664,212225,41620,369184,653451,395668,50280,567114
2025-06-24,1961998,208829,47342,397964,617284,359166,52238,580898
2025-07-01,1989440,219361,44728,431929,628479,370280,51990,574084
2025-07-08,1991225,196448,50751,427602,648950,376053,52498,562015
2025-07-15,2069099,163283,71514,460646,711108,407689,62517,554332
2025-07-22,2013304,174213,75976,432608,705320,419230,62898,530844
2025-07-29,2028873,177357,79970,455983,680992,389881,58569,529272
2025-08-05,2036424,164194,82857,466960,666600,378128,62448,521478
2025-08-12,2010959,144004,95139,450697,673419,373507,63219,505421
2025-08-19,1922821,143330,115885,429802,638325,340531,70104,508452
2025-08-26,1912554,145935,121314,432183,615115,316987,72371,501370
2025-09-02,1987861,143970,116647,465296,647593,347857,74224,495355
2025-09-09,1957115,130574,120572,448122,640447,339047,78361,481916
2025-09-16,1962620,138586,101787,447017,643865,351124,76726,484216
2025-09-23,1936690,124884,98401,433615,658361,374649,77773,480085
2025-09-30,2006358,118270,104217,454252,679945,406284,78770,485527
2025-10-07,2036074,118017,135498,459418,688568,394284,84043,476383
2025-10-14,2066590,130907,149673,466607,698003,402558,87989,464814
2025-10-21,1997649,128075,166229,457084,656435,346899,94883,459475
2025-10-28,1891657,139241,147841,384797,632849,335003,90676,466239
2025-11-04,1924327,139453,131716,409769,636221,359005,77004,438646
2025-11-10,1913442,132353,143999,375675,633043,361725,81169,424371
2025-11-18,1868023,133720,146391,329614,649883,373846,86017,442355
2025-11-25,1890503,130042,167052,341342,652290,378415,96339,435402
2025-12-02,1914667,130467,165235,352085,653344,380092,97561,432073
2025-12-09,1867966,136194,129316,353350,618580,366397,100558,431238
2025-12-16,1916438,144673,144599,362954,610566,363051,104685,424772
2025-12-23,1863543,146806,135446,364777,595446,350298,104014,417346
2025-12-30,1898257,146234,130491,380963,596330,360725,106546,412404
2026-01-06,1968879,148771,124243,411573,602551,379431,107796,401682
2026-01-13,2018789,174209,126639,402347,605897,376056,121846,417137
2026-01-20,1964359,169655,122155,399525,570993,366556,121892,423376
2026-01-27,2035649,176380,117333,423265,579159,386821,128532,435918
2026-02-03,2091314,189550,112790,424955,607049,436409,138961,462100
2026-02-10,2070538,191747,112601,413749,597513,429389,133300,457290
2026-02-17,2087493,183954,120169,417550,600074,443743,134366,472326
2026-02-24,2102705,193433,125733,423449,569516,438753,142203,489749
2026-03-03,2073033,187335,118950,424442,587033,408364,147484,548480
2026-03-10,2051321,189998,97876,386718,599864,387306,134059,623064
2026-03-17,2081576,189353,92982,384449,636578,387182,128442,640467
2026-03-24,2002065,181139,86803,375012,625076,357788,112375,646673
2026-03-31,2030970,177780,104433,356557,642912,355184,115012,647831
2026-04-07,2037857,186768,108068,344399,647011,353898,117760,641339
2026-04-14,2094492,200130,101762,355264,672534,378538,110505,651436
2026-04-21,1984747,200831,100944,318777,659937,345632,111866,652882
2026-04-28,2017038,193329,112998,329503,677980,357860,106949,646723
2026-05-05,2067827,185755,114964,324225,716499,378998,100020,643671
2026-05-12,2081927,187332,114531,313935,743791,386384,91319,644860
2026-05-19,2002950,207565,109346,292016,709019,336870,85626,658184
2026-05-26,2003795,200581,120657,283688,691310,325169,88701,650315
2026-06-02,2025180,218787,128022,278341,691250,333234,92988,639113
2026-06-09,2006635,213483,118758,272004,691074,325132,90583,627251
2026-06-16,2007709,220173,123945,268299,690060,311344,88023,632078
2026-06-23,1911877,209683,126811,251557,661908,283032,84221,615703
2026-06-30,1914443,203601,122319,244512,674653,303426,86565,597940
2026-07-07,1905761,193113,129072,255635,699183,308890,89093,584008
2026-07-14,1875496,181161,119187,272638,700107,300809,92414,576800
2026-07-21,1864487,187469,123490,273264,673702,290352,94804,586755
2026-07-28,1859795,193959,101016,258553,648607,296817,100460,611072
2026-08-04,1886816,189518,102560,268591,642779,307859,107593,596288
2026-08-11,1892429,190554,110638,278279,658494,319297,109308,578142
2026-08-18,1888960,195538,108059,267661,653948,338431,107452,576056
2026-08-25,1906740,196882,112862,289511,654534,349280,111284,572784
2026-09-01,1921085,205300,111019,295613,645739,336337,110782,576189
2026-09-08,1939911,218960,107229,284214,655691,346775,110812,585913
2026-09-15,1955764,221896,115617,298939,643221,335812,118240,590507
2026-09-22,1841811,223190,121362,276269,607458,304558,111924,584713
2026-09-29,1878576,209028,129436,302987,615887,296348,113558,575715
2026-10-06,1889422,178353,124755,311571,618756,283746,117407,578875
