date,crude_stocks,cushing_stocks,spr_stocks,gasoline_stocks,distillate_stocks,refinery_utilization,crude_production,crude_net_imports,refinery_crude_input,product_supplied
2010-01-01,306626,35670,726617,219701,159048,79.9,5507,8323,13792,18755
2010-01-08,310325,34473,726616,223492,160401,81.3,5496,8863,14005,18637
2010-01-15,309854,33725,726616,227442,157138,78.4,5404,8507,13824,18736
2010-01-22,305966,33034,726615,229427,157496,78.5,5421,7834,13624,18884
2010-01-29,308283,31997,726615,228121,156548,77.7,5403,8393,13461,18742
2010-02-05,310577,31322,726612,230445,156192,79.1,5475,8309,13590,19261
2010-02-12,313662,30612,726612,232065,153255,79.8,5482,8515,13772,19092
2010-02-19,316696,29902,726612,231170,152664,81.2,5505,9051,14107,19283
2010-02-26,320730,29969,726610,231943,151821,81.9,5510,9203,14074,19618
2010-03-05,322200,30600,726608,228984,149604,80.7,5527,8459,13925,19653
2010-03-12,323212,29919,726608,227274,148113,80.6,5540,8395,13940,18832
2010-03-19,330457,30453,726607,224559,145691,81.1,5536,9364,14042,19336
2010-03-26,333386,30936,726607,224872,144606,82.6,5489,9027,14234,19021
2010-04-02,335532,31164,726606,222374,145680,84.5,5473,9528,14604,18907
2010-04-09,333330,32257,726604,221338,146787,85.6,5475,8847,14813,19012
2010-04-16,335224,34111,726602,224925,148883,85.9,5466,9579,14678,18484
2010-04-23,337187,34565,726601,223685,151820,89.0,5488,9647,14956,18428
2010-04-30,339942,36244,726601,224942,152393,89.6,5522,9917,15146,19467
2010-05-07,341861,37028,726599,222128,153789,88.4,5533,9653,15036,19320
2010-05-14,342023,37945,726597,221834,152810,87.9,5516,9795,15192,19604
2010-05-21,344483,37621,726597,221631,152543,87.8,5540,9894,15085,19714
2010-05-28,342581,37889,726595,218984,152988,87.5,5320,9421,15105,20021
2010-06-04,340906,37416,726595,218976,154824,89.1,5445,9501,15187,19316
2010-06-11,342596,37610,726594,218340,156622,87.9,5503,9665,15114,19135
2010-06-18,344613,36784,726594,217578,156919,89.4,5501,10079,15191,19498
2010-06-25,342606,35989,726592,218115,159376,88.4,5257,9448,15093,18967
2010-07-02,337562,35805,726591,219435,159697,89.8,5414,9380,15228,19599
2010-07-09,332504,36119,726591,221036,162640,90.5,5352,9248,15469,18724
2010-07-16,332864,37104,726591,222154,166575,91.5,5460,9944,15517,19281
2010-07-23,340172,37170,726589,222245,167513,90.6,5486,11120,15462,19642
2010-07-30,337388,37836,726589,222974,169686,91.2,5440,9596,15575,19302
2010-08-06,334390,37722,726586,223383,173142,88.1,5239,9408,15066,19472
2010-08-13,333572,37035,726586,223344,174211,90.0,5352,9529,15238,19415
2010-08-20,337680,36256,726584,225617,175974,87.7,5511,9849,14890,19293
2010-08-27,341105,35753,726583,225405,175235,87.0,5602,9647,14822,19590
2010-09-03,339337,35535,726581,225162,174847,88.2,5603,8853,14912,19447
2010-09-10,336848,34954,726581,224468,174507,87.6,5573,8994,15006,19216
2010-09-17,337818,34744,726177,226058,174854,87.8,5556,9289,15047,19098
2010-09-24,337343,34345,726350,222589,173589,85.8,5562,8972,14666,19754
2010-10-01,340186,35094,726350,219943,172465,83.1,5514,8893,14151,18784
2010-10-08,339770,35061,726513,218174,172210,81.9,5528,8095,13920,18714
2010-10-15,340437,34010,726511,219329,170055,82.5,5536,8567,13967,18682
2010-10-22,345444,33659,726552,214942,168442,83.7,5540,9430,14138,19366
2010-10-29,347394,33545,726552,212253,164874,81.8,5593,8545,13905,19267
2010-11-05,343849,31799,726550,210336,159902,82.4,5596,8056,14058,19609
2010-11-12,336563,33065,726550,207679,158792,84.0,5597,7830,14275,18919
2010-11-19,337592,33625,726549,209592,158251,85.5,5581,8990,14284,19010
2010-11-26,338658,34535,726548,210153,158057,82.6,5555,8412,14114,18454
2010-12-03,334524,34929,726548,213964,160211,87.5,5582,9019,14903,19936
2010-12-10,324670,35911,726548,214773,161305,88.0,5604,7657,14974,20209
2010-12-17,319337,36390,726546,217173,160716,87.7,5598,8708,14926,19981
2010-12-24,318079,36635,726546,214857,160959,87.8,5575,8780,14929,20749
2010-12-31,313918,37493,726546,218146,162107,88.0,5598,8413,14988,19059
2011-01-07,311526,37376,726545,223227,164759,86.4,5575,8862,14728,18958
2011-01-14,314143,36805,726544,227670,165797,83.0,5205,8966,14339,19113
2011-01-21,318979,37667,726544,230074,165657,81.8,5321,9352,14127,19035
2011-01-28,321573,38334,726544,236228,164078,84.5,5568,8981,14302,18787
2011-02-04,323404,37407,726544,240891,164366,84.7,5597,8876,14344,19157
2011-02-11,324264,37657,726543,241096,161270,81.2,5610,8233,13863,19793
2011-02-18,325086,37440,726543,238298,159937,79.4,5604,8073,13535,19664
2011-02-25,324722,38570,726543,234708,159186,80.9,5591,7977,13798,18958
2011-03-04,327099,40263,726542,229214,155209,82.0,5593,8267,13943,19669
2011-03-11,328844,40020,726542,225040,152608,83.4,5591,8647,14182,19111
2011-03-18,330975,40197,726542,219720,152615,84.1,5570,8953,14349,19310
2011-03-25,333920,41886,726542,217036,153325,84.1,5568,9094,14332,18605
2011-04-01,335536,41870,726542,216679,153520,84.4,5638,8916,14371,19183
2011-04-08,337163,41896,726542,209679,150839,81.4,5635,8537,14017,19258
2011-04-15,334841,41126,726542,208096,148335,82.5,5625,8019,14104,19274
2011-04-22,340997,40388,726542,205588,146530,82.7,5610,9232,14077,19588
2011-04-29,344418,40490,726542,204542,145132,82.8,5623,8843,14059,18332
2011-05-06,348050,41614,726542,205817,144289,81.7,5609,8930,14108,18164
2011-05-13,348035,40023,726542,205936,143132,83.2,5618,8536,14347,18515
2011-05-20,348651,40079,726542,209730,141092,86.3,5583,9198,14841,18916
2011-05-27,351529,39920,726542,212283,140116,86.0,5609,9484,14851,19134
2011-06-03,346897,38904,726542,214492,140926,87.2,5633,8566,15112,19222
2011-06-10,343491,37763,726542,215065,140821,86.1,5643,8603,14869,18806
2011-06-17,341780,38036,726531,214601,141994,89.2,5650,9114,15278,19037
2011-06-24,337405,37494,726531,213173,142252,88.1,5593,8843,15247,18877
2011-07-01,336532,37034,726531,212539,142061,88.4,5520,9819,15315,19232
2011-07-08,333408,37649,726531,211699,145028,88.0,5578,8965,15218,18513
2011-07-15,329681,36672,726531,212456,148460,90.3,5591,9308,15621,18853
2011-07-22,331977,37102,724263,213478,151845,88.3,5377,9805,15360,18426
2011-07-29,332927,35953,719761,215179,152254,89.3,5523,9099,15489,19641
2011-08-05,327806,34581,717267,213591,151517,90.0,5529,9065,15624,20293
2011-08-12,332039,33688,711353,210081,153966,89.1,5561,9250,15419,19414
2011-08-19,329826,33662,706551,211436,155697,90.3,5591,8773,15663,19243
2011-08-26,335107,33085,701825,208641,156060,89.2,5598,9572,15444,19562
2011-09-02,331146,32689,696939,208840,156769,89.0,5642,8530,15450,19386
2011-09-09,324442,32229,695939,210780,158480,87.0,5083,8507,15024,18654
2011-09-16,317106,31998,695939,214075,157606,88.3,5747,8315,15307,19024
2011-09-23,319021,30920,695953,214866,157678,87.8,5756,9666,15177,19083
2011-09-30,314342,30089,695953,213729,156934,87.7,5800,8664,15104,19101
2011-10-07,315575,30621,695956,209595,154005,84.2,5878,9050,14541,18737
2011-10-14,310846,31092,695951,206271,149739,83.1,5891,7885,14407,18329
2011-10-21,315581,31511,695951,204918,145464,84.8,5876,9337,14660,18884
2011-10-28,317407,32071,695951,206274,141889,85.3,5818,8918,14693,18641
2011-11-04,315819,31139,695951,204167,135869,82.6,5846,8582,14335,20037
2011-11-11,314763,32029,695950,205159,133733,84.8,5894,8529,14679,19311
2011-11-18,308544,32016,695951,209634,132963,85.5,5887,8283,14796,18585
2011-11-25,312476,31301,695951,209847,138489,84.6,5864,9025,14565,17946
2011-12-02,313625,31105,695951,214994,141022,87.7,5861,9400,15247,18308
2011-12-09,311693,31188,695951,218818,141502,85.1,5862,8286,14657,18409
2011-12-16,301123,30198,695951,218406,139149,84.9,5862,7545,14604,19324
2011-12-23,305022,29909,695951,217714,140354,84.2,5846,8954,14585,18499
2011-12-30,307231,29296,695951,220193,143578,85.0,5851,8988,14756,18023
2012-01-06,309056,29105,695951,223803,147563,85.6,5844,9871,14937,17811
2012-01-13,305618,28273,695951,227520,148001,83.7,5726,8228,14585,17902
2012-01-20,309176,28647,695951,227130,145545,82.2,5722,8816,14306,19241
2012-01-27,313351,30123,695951,230147,145410,81.8,5720,8843,14217,17704
2012-02-03,313642,30490,695951,231776,146584,82.8,5763,8376,14397,17618
2012-02-10,313471,32480,695951,232176,143717,84.0,5819,8719,14719,18655
2012-02-17,315104,32165,695951,231527,143509,85.5,5817,9054,14889,18237
2012-02-24,319264,33813,695951,229927,141440,83.6,5814,9150,14607,18256
2012-03-02,320112,36178,695951,229531,139496,83.9,5806,8675,14589,18178
2012-03-09,321862,38697,695951,228121,134814,82.7,5830,8679,14463,18571
2012-03-16,320700,38521,695951,226907,136577,82.2,5826,8186,14363,17674
2012-03-23,327802,39564,695951,223370,135866,84.5,5821,9231,14451,18204
2012-03-30,336811,40293,695951,221913,135885,85.7,6049,9736,14750,18186
2012-04-06,339377,40585,695951,217636,131885,83.8,6040,8484,14355,19005
2012-04-13,343233,41177,695951,213965,128977,84.6,6043,8679,14454,18863
2012-04-20,347211,41751,695951,211730,125925,84.7,6113,8727,14477,18756
2012-04-27,350051,42964,695951,209721,124022,86.0,6121,8783,14707,18544
2012-05-04,355340,44127,695951,207108,120771,86.4,6136,8928,14742,18603
2012-05-11,357468,45127,695951,204311,119802,88.3,6149,8842,15044,19013
2012-05-18,358351,46795,695951,201012,119493,88.1,6239,8544,14987,18683
2012-05-25,360564,46849,695951,200179,117784,89.1,6227,9017,15169,18320
2012-06-01,358801,47775,695951,203525,120037,91.0,6245,8918,15468,18226
2012-06-08,358610,47395,695951,201801,119974,92.0,6236,9078,15620,19405
2012-06-15,361471,47755,695951,202744,121130,91.9,6353,9406,15608,18599
2012-06-22,361338,47416,695951,204822,118851,92.6,6257,9079,15645,19064
2012-06-29,357068,47641,695951,204973,117800,92.0,6094,8735,15631,19601
2012-07-06,352213,46782,695951,207725,120912,92.7,6249,8587,15774,18535
2012-07-13,351404,46282,695951,205910,123531,92.0,6245,8898,15538,18596
2012-07-20,354121,46485,695951,210044,125239,93.0,6364,9593,15796,19076
2012-07-27,347599,45100,695950,207870,124265,92.2,6320,8366,15571,19150
2012-08-03,343824,44298,695950,206069,123541,92.6,6218,8587,15607,18946
2012-08-10,340125,45197,695950,203698,124218,92.6,6181,8677,15711,20026
2012-08-17,334713,45242,695950,202736,125210,91.2,6246,8167,15438,18747
2012-08-24,338491,44821,695950,201227,126083,91.2,6258,9455,15380,19116
2012-08-31,331065,44915,695950,198893,127076,86.1,5486,7995,14608,18942
2012-09-07,332474,44087,694950,197716,128552,84.7,5526,8525,14321,17999
2012-09-14,341008,43813,694952,196309,128230,88.9,6277,9807,14916,18334
2012-09-21,338562,43730,694952,195828,127748,87.4,6509,7554,14624,18315
2012-09-28,338080,43865,694952,195942,124059,88.2,6520,8065,14846,18720
2012-10-05,339592,44165,694952,195408,120882,86.7,6598,8180,14749,18719
2012-10-12,342452,44025,694952,197128,118664,87.4,6606,8306,14819,19519
2012-10-19,348348,44065,694952,198567,118018,87.2,6610,8782,14802,19136
2012-10-26,346303,43394,694952,199502,117925,87.7,6669,7881,14850,18326
2012-11-02,347850,42966,694952,202377,118056,85.4,6677,7970,14667,18371
2012-11-09,348939,43681,694952,201937,115517,86.0,6709,7828,14612,19346
2012-11-16,347473,45150,694952,200390,112842,87.5,6710,7726,14889,19437
2012-11-23,347126,45857,694952,204255,112042,88.6,6818,8076,15174,18969
2012-11-30,344769,45631,694952,212115,115069,90.6,6817,8188,15429,18337
2012-12-07,344909,46818,694952,217115,118055,90.4,6852,8457,15367,18825
2012-12-14,343945,46963,694952,219322,116970,91.5,6863,8356,15594,19955
2012-12-21,343359,49177,694952,223104,119393,90.3,6984,7982,15328,18857
2012-12-28,332239,49750,694952,225673,123967,90.4,6985,7051,15341,18894
2013-01-04,333131,50082,694952,233085,130744,89.1,7002,8299,15257,17755
2013-01-11,332180,51862,695267,234995,132430,87.9,7041,7987,15101,17954
2013-01-18,334993,51391,695267,233257,132938,83.6,6989,7686,14206,18645
2013-01-25,340940,51675,695460,232301,130623,85.0,6993,8024,14481,18681
2013-02-01,343274,51360,695807,234039,129581,84.2,6997,7525,14431,18052
2013-02-08,343834,50242,695969,233236,125904,83.8,7064,7469,14310,19048
2013-02-15,347977,50659,695969,230352,123627,82.9,7118,7645,14176,18412
2013-02-22,349107,50584,695969,228495,124184,85.1,7096,7914,14511,18680
2013-03-01,352843,50841,695969,227879,120354,82.2,7093,7264,14031,18296
2013-03-08,355467,49315,695969,224308,120437,81.0,7159,7491,13994,18597
2013-03-15,354153,49029,695969,222832,119765,83.5,7150,7272,14514,17765
2013-03-22,357409,49468,695969,221236,115252,85.7,7151,8113,14878,18873
2013-03-29,360116,49181,695969,220664,112986,86.3,7151,7886,15008,18966
2013-04-05,359998,50070,695969,222363,112817,86.8,7181,7675,15114,18121
2013-04-12,358765,51148,695969,221730,115181,86.3,7208,7386,15074,18461
2013-04-19,359712,51183,695969,217802,115278,83.5,7326,7517,14488,18610
2013-04-26,366408,49801,695969,215984,115752,84.4,7312,8119,14710,17937
2013-05-03,366779,49149,695969,215074,117564,87.0,7369,7559,15180,19100
2013-05-10,366155,49724,695969,217662,119864,88.0,7321,7576,15253,18516
2013-05-17,365817,50173,695969,220677,118812,87.3,7258,8082,15249,18846
2013-05-24,368817,50508,695969,219163,120663,86.4,7292,7769,15029,18286
2013-05-31,362550,50024,695969,218797,123274,88.4,7300,7220,15462,18779
2013-06-07,365179,49265,695969,221545,122111,87.5,7224,7802,15237,17923
2013-06-14,365492,48596,695969,221728,121622,89.3,7129,8388,15531,18419
2013-06-21,365510,49260,695969,225381,123189,90.2,7261,8248,15704,18967
2013-06-28,355163,49652,695969,223662,120771,92.2,7267,7357,16090,20392
2013-07-05,345426,46965,695969,221028,123809,92.4,7401,7475,16118,19239
2013-07-12,338524,46083,695969,224083,127679,92.8,7490,7655,16237,19467
2013-07-19,335699,44023,695969,222694,126452,92.3,7555,7980,16031,19787
2013-07-26,336130,42119,695969,223464,125986,91.3,7542,8116,15965,19664
2013-08-02,334699,39874,695969,223599,126455,90.9,7560,7862,15893,19688
2013-08-09,331887,38515,695969,222430,128482,89.4,7571,7865,15611,19088
2013-08-16,330459,37425,695969,218401,129353,91.0,7518,7896,15845,19337
2013-08-23,333445,36588,695969,217814,129037,91.2,7609,8319,15774,19449
2013-08-30,331609,34759,695969,215987,129586,91.7,7621,8200,15936,18911
2013-09-06,330991,34120,695969,217645,132172,92.5,7745,7962,15896,18360
2013-09-13,326623,33259,695969,216018,131093,92.5,7827,7523,16110,19820
2013-09-20,329258,32847,695969,216235,130859,90.3,7777,7869,15591,19261
2013-09-27,334730,32788,695969,219730,129179,89.0,7784,8307,15445,18681
2013-10-04,341474,32620,695969,219879,126038,86.0,7809,7987,14890,19044
2013-10-11,345473,32986,695969,217309,124237,86.2,7428,7948,14853,18990
2013-10-18,350719,33344,695969,215504,125774,85.9,7896,7600,14855,18269
2013-10-25,354806,35522,695969,213791,122716,87.3,7853,7403,15052,20136
2013-11-01,355995,36513,695969,210036,117817,86.8,7858,7168,15068,20223
2013-11-08,358635,38204,695969,209198,117336,88.7,7981,7788,15411,20297
2013-11-15,359010,39940,695969,208853,112541,88.6,7974,7807,15447,20438
2013-11-22,361963,40616,695969,210604,110875,89.4,8019,7661,15551,19635
2013-11-29,356378,40598,695969,212432,113524,92.4,8011,7752,16106,19973
2013-12-06,345374,41223,695969,219149,118065,92.6,8075,6805,16131,18554
2013-12-13,342433,40623,695969,220486,115955,91.5,8058,7675,15931,20996
2013-12-20,337702,40177,695969,219872,114105,92.7,8111,7477,16233,20484
2013-12-27,330695,39625,695969,220716,119147,92.4,8121,7437,16247,19004
2014-01-03,326737,40725,695969,226959,124973,92.3,8145,7903,16134,18222
2014-01-10,319079,40870,695969,233142,123950,90.0,8159,6831,15731,18858
2014-01-17,320069,41592,695969,235265,120738,86.5,8052,7486,15216,18959
2014-01-24,326490,41829,695969,234446,116154,88.2,8044,7987,15417,20047
2014-01-31,326930,40276,695969,234951,113794,86.1,8044,6826,15049,19110
2014-02-07,329983,37603,695969,233098,113063,87.1,8132,7868,15215,18541
2014-02-14,330956,35870,695969,233407,112724,86.8,8148,7360,15178,18709
2014-02-21,331024,34792,695969,230600,113062,88.0,8059,6973,15299,18283
2014-02-28,332453,32132,695969,228996,114476,87.4,8077,7048,15212,18291
2014-03-07,338333,30791,695969,223766,113943,86.0,8182,7247,14987,19027
2014-03-14,344183,29802,695969,222299,110846,85.6,8215,7245,14951,18783
2014-03-21,350802,28477,695969,217198,112401,86.0,8190,7553,15092,18257
2014-03-28,348423,27254,695969,215624,112955,87.7,8192,6764,15315,18199
2014-04-04,352341,27599,695729,210436,113194,87.5,8229,7245,15337,18289
2014-04-11,362354,26828,695106,210282,111916,88.8,8301,8204,15613,18412
2014-04-18,365878,26040,694568,210008,112513,91.0,8360,7729,15980,18051
2014-04-25,367576,25428,693613,211572,114449,91.0,8352,7412,15954,18849
2014-05-02,366004,24033,692864,213180,114002,90.2,8350,6814,15904,18552
2014-05-09,366951,23441,691520,212408,112878,88.8,8428,7056,15667,19447
2014-05-16,359725,23216,690971,213378,116277,88.7,8434,6398,15949,18855
2014-05-23,361382,21691,690971,211575,116081,89.9,8472,7735,15851,19563
2014-05-30,357951,21370,690971,211785,118093,90.8,8383,7049,16057,18586
2014-06-06,355221,21172,690971,213482,118953,87.9,8460,7072,15547,18025
2014-06-13,354642,21419,690972,214267,119389,87.1,8477,7160,15397,18557
2014-06-20,356384,21835,690972,214977,120566,88.5,8446,7068,15672,18807
2014-06-27,353229,20476,690972,213742,121541,91.4,8442,6992,16218,19433
2014-07-04,350822,20923,690972,214321,121768,91.6,8514,7012,16252,19248
2014-07-11,343297,20273,690972,214492,124296,93.8,8592,7154,16626,19277
2014-07-18,339328,18823,690972,217871,125932,93.8,8565,7134,16598,19311
2014-07-25,335631,17899,690972,218236,126721,93.5,8443,7449,16551,19607
2014-08-01,334167,17982,690972,213849,124923,92.4,8453,7268,16393,20335
2014-08-08,335568,18400,690972,212689,122502,91.6,8556,7551,16214,19825
2014-08-15,331094,20155,690972,213274,121542,93.4,8577,7164,16418,19885
2014-08-22,329024,20663,690972,212314,122794,93.5,8631,7248,16542,19183
2014-08-29,328119,20278,690972,209992,123399,93.3,8630,7290,16428,19955
2014-09-05,327428,20356,690972,212373,127493,93.9,8590,7236,16332,18596
2014-09-12,331101,19999,690972,210738,127772,93.0,8838,7729,16304,19749
2014-09-19,326828,20190,690972,210324,128595,93.4,8867,6485,16214,19177
2014-09-26,325465,20505,690970,208488,125701,89.8,8837,6864,15689,19400
2014-10-03,330380,18929,690969,209668,126140,89.3,8875,7292,15554,19019
2014-10-10,339303,19645,690968,205673,124622,88.1,8951,7320,15321,19595
2014-10-17,346414,20598,690968,204374,125671,86.7,8934,7057,15208,18645
2014-10-24,348475,21374,690967,203138,120377,86.6,8970,6690,15129,20061
2014-10-31,348935,20823,690967,201760,119653,88.4,8972,6264,15485,19607
2014-11-07,346150,22527,690966,203565,116850,90.1,9063,6466,15752,19844
2014-11-14,348758,23245,690966,204599,114794,91.2,9004,7227,15913,19702
2014-11-21,350704,24579,690966,206424,113146,91.5,9077,7099,15957,20480
2014-11-28,347015,23885,690965,208567,116174,93.4,9083,6929,16356,19831
2014-12-05,348313,24905,690963,216764,121751,95.4,9118,7294,16627,19454
2014-12-12,347466,27825,690963,222014,121544,93.5,9137,6730,16301,20465
2014-12-19,354733,28798,690963,226097,123847,93.5,9127,7904,16341,21037
2014-12-26,352979,30793,690963,229048,125721,94.4,9121,6673,16377,19939
2015-01-02,348806,32098,690961,237163,136926,93.9,9132,6468,16420,19353
2015-01-09,354195,33874,690959,240334,139851,91.0,9192,7104,15893,19257
2015-01-16,364266,36783,690958,240922,136579,85.5,9186,6830,14909,20246
2015-01-23,373140,38868,690957,238335,132687,88.0,9213,6920,15256,20515
2015-01-30,379473,41384,690957,240670,134475,89.9,9177,6885,15544,18619
2015-02-06,383800,42598,690956,242647,131223,90.0,9226,6784,15564,19651
2015-02-13,391516,46261,690955,243132,127409,88.7,9280,6603,15442,20399
2015-02-20,399943,48680,690955,240014,124698,87.4,9285,6801,15243,19813
2015-02-27,410246,49216,690955,240060,122976,86.6,9324,6890,15113,19658
2015-03-06,415425,51538,690953,239873,125503,87.8,9366,6315,15300,18617
2015-03-13,425047,54403,690953,235400,125883,88.1,9419,7018,15436,19530
2015-03-20,433217,56314,690952,233386,125849,89.0,9422,6889,15530,18712
2015-03-27,437983,58943,690952,229128,127174,89.4,9386,6845,15728,19481
2015-04-03,449662,60175,690952,229945,126924,90.1,9404,7714,15929,19099
2015-04-10,450956,61462,690950,227873,128941,92.3,9384,6645,16212,18995
2015-04-17,456271,62200,690950,225738,129336,91.2,9366,7262,15982,19145
2015-04-24,458181,61686,690948,227451,129270,91.3,9373,6979,16100,19600
2015-05-01,454079,61674,690948,227852,130773,93.0,9369,6074,16347,18224
2015-05-08,451888,60684,690947,226710,128270,91.2,9374,6414,15968,20654
2015-05-15,449214,60443,691260,223936,127724,92.4,9262,6732,16213,20292
2015-05-22,446412,60010,691847,220627,128839,93.6,9566,6255,16450,19971
2015-05-29,444464,59027,692346,220293,132612,93.2,9586,6932,16407,18867
2015-06-05,438447,58003,692345,217354,133477,94.6,9610,6182,16576,19802
2015-06-12,435771,58115,692944,217814,133591,93.1,9589,6626,16282,19971
2015-06-19,430837,56245,693294,218494,135428,94.0,9604,6194,16532,20668
2015-06-26,433223,56368,693692,216737,135820,95.0,9595,6942,16531,19723
2015-07-03,433714,56667,694223,217952,137461,94.7,9604,6745,16596,19259
2015-07-10,429368,57105,694622,218010,141280,95.3,9562,6783,16825,19840
2015-07-17,431836,57918,695135,216285,141515,95.5,9558,7370,16870,21007
2015-07-24,427633,57706,695134,215922,144103,95.1,9413,6974,16762,20246
2015-07-31,423226,57164,695134,216733,144812,96.1,9465,6604,17075,20185
2015-08-07,421822,57113,695134,215482,147806,96.1,9395,6997,17029,20077
2015-08-14,424442,57439,695133,212774,148400,95.1,9348,7462,16775,21375
2015-08-21,418990,57695,695133,214434,149836,94.5,9337,6722,16658,19422
2015-08-28,423657,57307,695133,214163,149951,92.8,9218,7378,16389,20265
2015-09-04,426062,56410,695130,214547,150903,90.9,9135,6982,16110,19758
2015-09-11,423958,54504,695130,217387,153963,93.1,9117,6712,16513,18554
2015-09-18,422033,54042,695130,218756,151875,90.9,9136,6699,16203,20154
2015-09-25,425988,52974,695128,222010,151608,89.8,9096,7028,15962,19615
2015-10-02,429028,53072,695128,223920,149150,87.5,9172,6542,15559,18842
2015-10-09,436590,54197,695128,221302,147630,86.0,9096,6789,15267,19463
2015-10-16,444618,54119,695127,219784,145008,86.4,9096,6945,15345,19485
2015-10-23,447994,53334,695127,218647,142057,87.6,9112,6528,15616,20264
2015-10-30,450841,53122,695127,215347,140757,88.7,9160,6439,15637,19415
2015-11-06,454822,55359,695126,213245,141109,89.5,9185,6873,15939,19803
2015-11-13,455074,56854,695126,214254,140318,90.3,9182,6464,16076,19465
2015-11-20,456035,58598,695125,216732,141364,92.0,9165,6888,16380,19386
2015-11-27,457212,59026,695125,216867,144415,94.5,9202,7302,16803,19822
2015-12-04,453553,59449,695123,217653,149413,93.1,9164,7576,16652,20252
2015-12-11,458354,60056,695123,219384,151976,91.9,9176,7867,16611,20269
2015-12-18,452477,62101,695123,220495,151315,91.3,9179,6826,16468,19767
2015-12-25,455106,62993,695120,221420,153110,92.6,9202,7392,16682,20501
2016-01-01,450956,63910,695120,231996,159418,92.5,9219,7010,16617,18285
2016-01-08,451190,64007,695119,240434,165554,91.2,9227,7688,16423,18542
2016-01-15,455169,64198,695118,244997,164529,90.6,9235,7279,16190,19984
2016-01-22,463552,63427,695118,248461,160472,87.4,9221,7210,15639,21108
2016-01-29,471344,64174,695117,254399,159695,86.6,9214,7857,15615,19146
2016-02-05,470676,64697,695116,255657,160976,86.1,9186,6725,15510,19013
2016-02-12,472823,64733,695116,258693,162375,88.3,9135,7520,15848,19726
2016-02-19,476325,65066,695115,256457,160715,87.3,9102,7403,15685,20682
2016-02-26,486699,66256,695115,254989,163597,88.3,9077,7905,15852,19165
2016-03-04,490843,66946,695112,250463,162478,89.1,9078,7661,15911,19855
2016-03-11,492160,67491,695114,249716,161343,89.0,9068,7306,15996,19287
2016-03-18,501517,66233,695114,245074,162260,88.4,9038,7997,15820,19417
2016-03-25,503816,65961,695112,242560,161185,90.4,9022,7361,16234,19479
2016-04-01,498598,66318,695112,243998,162984,91.4,9008,6915,16433,19926
2016-04-08,505232,64551,695112,239761,163489,89.2,8977,7601,15941,20019
2016-04-15,507312,64303,695112,239651,159935,89.4,8953,7848,16104,20226
2016-04-22,509311,66049,695111,241259,158240,88.1,8938,7160,15847,19808
2016-04-29,512095,66292,695108,241795,156979,89.7,8825,7270,15986,20229
2016-05-06,508487,67812,695107,240564,155332,89.1,8802,7265,16179,19981
2016-05-13,509797,68273,695107,238068,152162,90.5,8791,7287,16371,20792
2016-05-20,505571,67624,695106,240111,150878,89.7,8767,6925,16279,20434
2016-05-27,504205,66920,695106,238619,149623,89.8,8735,7350,16206,20339
2016-06-03,501844,65557,695104,239629,151377,90.9,8745,7216,16417,19740
2016-06-10,500911,66461,695104,237004,152163,90.2,8716,7133,16317,20807
2016-06-17,499994,65181,695104,237631,152314,91.3,8677,7950,16505,19971
2016-06-24,495941,64230,695104,238998,150513,93.0,8622,6957,16695,21176
2016-07-01,493718,64148,695102,238876,148939,92.5,8428,7765,16687,20061
2016-07-08,491172,63916,695100,240089,152997,92.3,8485,7243,16544,19432
2016-07-15,488830,64105,695099,241000,152783,93.2,8494,7536,16863,20641
2016-07-22,490501,65215,695099,241452,152003,92.4,8515,7760,16586,20764
2016-07-29,491914,64092,695099,238190,153155,93.3,8460,8061,16852,20938
2016-08-05,492969,65255,695096,235383,151196,92.2,8445,7727,16597,20672
2016-08-12,490461,64531,695096,232659,153135,93.5,8597,7516,16865,20579
2016-08-19,492962,64906,695095,232695,153257,92.5,8548,7965,16679,20729
2016-08-26,495238,63867,695094,232004,154753,92.8,8488,8219,16615,20153
2016-09-02,480725,63433,695093,227793,158135,93.7,8458,6568,16930,21328
2016-09-09,480166,62188,695093,228360,162754,92.9,8493,7644,16730,20228
2016-09-16,473966,62714,695092,225156,164992,92.0,8512,7721,16587,19436
2016-09-23,472084,62083,695092,227183,163077,90.1,8497,7328,16334,19278
2016-09-30,469108,62652,695091,227405,160718,88.3,8467,7270,16032,20556
2016-10-07,473958,61334,695090,225498,156972,85.5,8450,7380,15552,20743
2016-10-14,468711,59699,695089,227967,155732,85.0,8464,6468,15370,19751
2016-10-21,468158,58362,695089,226011,152378,85.6,8504,6601,15552,20524
2016-10-28,482578,58451,695088,223804,150550,85.2,8522,8591,15448,19924
2016-11-04,485010,58479,695087,220963,148602,87.1,8692,7032,15817,20183
2016-11-11,490284,59170,695087,221709,148912,89.2,8681,7942,16126,19377
2016-11-18,489029,59083,695086,224026,149239,90.8,8690,7109,16397,20063
2016-11-25,488145,61502,695085,226123,154196,89.8,8699,7074,16283,19816
2016-12-02,485756,65285,695084,229548,156697,90.4,8697,7804,16417,19109
2016-12-09,483193,66508,695084,230045,155935,90.5,8796,6875,16474,18899
2016-12-16,485449,66263,695083,228736,153515,91.5,8786,7914,16658,21401
2016-12-23,486063,66435,695082,227143,151634,91.0,8766,7540,16557,20186
2016-12-30,479012,67509,695082,235450,161685,92.0,8770,6497,16689,17904
2017-01-06,483109,66930,695082,240473,170041,93.6,8946,8325,17107,18578
2017-01-13,485456,65656,695081,246424,169073,90.7,8944,7674,16468,20670
2017-01-20,488296,65372,695081,253220,169149,88.3,8961,7211,16047,18625
2017-01-27,494762,64127,695079,257086,170717,88.2,8915,7741,15947,19264
2017-02-03,508592,65270,695078,256217,170746,87.7,8978,8805,15893,20774
2017-02-10,518119,64568,695078,259063,170057,85.4,8977,7465,15458,18604
2017-02-17,518683,63040,695078,256435,165133,84.3,9001,6075,15271,20322
2017-02-24,520184,63535,695076,255889,164208,86.0,9032,6868,15664,19445
2017-03-03,528393,64402,694825,249334,161532,85.9,9088,7253,15492,19880
2017-03-10,528156,66532,694009,246279,157303,85.1,9109,6688,15472,19475
2017-03-17,533110,67951,693383,243468,155393,87.4,9129,7757,15801,19255
2017-03-24,533977,67731,692659,239721,152910,89.3,9147,7214,16226,19883
2017-03-31,535543,69144,692135,239103,152374,90.8,9199,7275,16429,19696
2017-04-07,533377,69420,691510,236130,150221,91.0,9235,7189,16697,19868
2017-04-14,532343,68642,691311,237672,148266,92.9,9252,7245,16938,19460
2017-04-21,528702,67439,690810,241041,150917,94.1,9265,7760,17285,19133
2017-04-28,527772,66711,689338,241232,150355,93.3,9293,7726,17177,19934
2017-05-05,522525,66273,688787,241082,148768,91.5,9314,6927,16759,20571
2017-05-12,520772,66308,688059,240669,146824,93.4,9305,7504,17122,19485
2017-05-19,516340,65567,687661,239882,146339,93.5,9320,7669,17281,20787
2017-05-26,509912,64820,686682,237024,146733,95.0,9342,6682,17510,20748
2017-06-02,513207,63376,685026,240348,151088,94.1,9318,7784,17227,19306
2017-06-09,511546,62220,684625,242444,151416,94.4,9330,7303,17256,19515
2017-06-16,509095,61140,683842,241866,152495,94.0,9350,7359,17152,21069
2017-06-23,509213,60843,682436,240972,152272,92.5,9250,7488,16890,19645
2017-06-30,502914,59509,682037,237303,150422,93.6,9338,6974,17141,22240
2017-07-07,495350,57561,678887,235656,153553,94.5,9397,6692,17244,19946
2017-07-14,490623,57538,678885,231211,151416,94.0,9429,7268,17119,21191
2017-07-21,483415,55839,678885,230196,149564,94.3,9410,7014,17285,21246
2017-07-28,481888,55800,678884,227679,149414,95.4,9430,7551,17408,20620
2017-08-04,475437,56369,678883,231103,147685,96.3,9423,7055,17574,21946
2017-08-11,466492,57047,678883,231125,148387,96.1,9502,7249,17565,20937
2017-08-18,463165,56544,678883,229902,148415,95.4,9528,7854,17461,20683
2017-08-25,457773,57233,678880,229937,149163,96.6,9530,7003,17725,21435
2017-09-01,462353,58030,678600,226738,147767,79.7,8781,6930,14472,20039
2017-09-08,468241,59053,677007,218310,144552,77.7,9353,5706,14078,19707
2017-09-15,472832,59756,675397,216185,138859,83.2,9510,6440,15172,20416
2017-09-22,470986,60937,674601,217292,138045,88.6,9547,5936,16174,21092
2017-09-29,464963,62462,673649,218936,135439,88.1,9561,5230,16029,19740
2017-10-06,462216,63784,672449,221426,133959,89.2,9480,6347,16258,19677
2017-10-13,456485,63986,671691,222334,134487,84.5,8406,5685,15439,19123
2017-10-20,457341,63749,671377,216869,129241,87.8,9507,6199,16025,19977
2017-10-27,454906,63839,670587,212849,128921,88.1,9553,5438,16015,19161
2017-11-03,457143,64559,669906,209537,125562,89.6,9620,6508,16305,21309
2017-11-10,458997,63055,669200,210431,124763,91.0,9645,6769,16639,19762
2017-11-17,457142,61228,667475,210475,125032,91.3,9658,6282,16838,19286
2017-11-24,453713,58314,665111,214102,127779,92.6,9682,5917,17003,19657
2017-12-01,448103,55561,662663,220882,129446,93.8,9707,5844,17195,19951
2017-12-08,442986,52244,662911,226546,128076,93.4,9780,6277,16952,20458
2017-12-15,436491,52998,663294,227783,128845,94.1,9789,5976,17063,21126
2017-12-22,431882,51414,663392,228374,129935,95.7,9754,6783,17398,20791
2017-12-29,424463,48973,663748,233187,138834,96.7,9782,6491,17608,19923
2018-01-05,419515,46578,663747,237322,143088,95.3,9492,6643,17323,20628
2018-01-12,412654,42394,664218,240942,139201,93.0,9750,6701,16875,20809
2018-01-19,411583,39244,664454,244040,139840,90.9,9878,6630,16483,20661
2018-01-26,418359,37020,664686,242060,137900,88.1,9919,6665,16013,21046
2018-02-02,420254,36309,665148,245474,141826,92.5,10251,6605,16797,20849
2018-02-09,422095,32667,665568,249073,141367,89.8,10271,6566,16162,20316
2018-02-16,420479,30003,664872,249334,138945,88.1,10270,4977,15833,20462
2018-02-23,423498,28785,665281,251817,137985,87.8,10283,5837,15882,19885
2018-03-02,425906,28180,665458,251029,137426,88.0,10369,6505,15935,20456
2018-03-09,430928,28518,665458,244758,133066,90.0,10381,6098,16367,20946
2018-03-16,428306,29423,665458,243065,131044,91.7,10407,5504,16777,20629
2018-03-23,429949,31227,665458,239593,128954,92.3,10433,6570,16795,20903
2018-03-30,425332,34893,665456,238477,129491,93.0,10460,5723,16936,21203
2018-04-06,428638,36022,665456,238935,128447,93.5,10525,7445,17019,19806
2018-04-13,427567,34907,665456,235967,125340,92.4,10540,6181,16949,21409
2018-04-20,429737,35366,664718,236807,122729,90.8,10586,6138,16621,19023
2018-04-27,435955,35782,664266,237978,118829,91.1,10619,6401,16561,20163
2018-05-04,433758,37170,663557,235804,115038,90.4,10703,5446,16486,20571
2018-05-11,432354,37223,662037,232014,114946,91.1,10723,5035,16635,20523
2018-05-18,438132,36100,661336,233897,113995,91.8,10725,6411,16628,20635
2018-05-25,434512,35544,660777,234431,114629,93.9,10769,5452,17155,20916
2018-06-01,436584,34589,660168,239034,116794,95.4,10800,6632,17369,18454
2018-06-08,432441,33902,660168,236763,114693,95.7,10900,6069,17505,21789
2018-06-15,426527,32606,660016,240040,117408,96.7,10900,5868,17701,20203
2018-06-22,416636,29893,660016,241196,117423,97.5,10900,5356,17816,20273
2018-06-29,417881,27780,660016,239691,117557,97.1,10900,6719,17653,21241
2018-07-06,405248,25718,660015,238997,121682,96.7,10900,5404,17652,19911
2018-07-13,411084,24858,660014,235832,121311,94.3,11000,7605,17239,21328
2018-07-20,404937,23731,660014,233504,121210,93.8,11000,5087,17285,21727
2018-07-27,408740,22393,660014,230968,124193,96.1,10900,6439,17480,20576
2018-08-03,407389,21803,660013,233868,125423,96.6,10800,6081,17598,20940
2018-08-10,414194,23446,660013,233128,128989,98.1,10900,7422,17981,20203
2018-08-17,408358,24218,660012,234328,130838,98.1,11000,6363,17892,21563
2018-08-24,405792,24276,660012,232774,130001,96.3,11000,5706,17566,22144
2018-08-31,401490,24825,660012,234619,133120,96.6,11000,6206,17647,21616
2018-09-07,396194,23583,660011,235869,139283,97.6,10900,5763,17857,20567
2018-09-14,394137,22333,660010,234150,140122,95.4,11000,5657,17415,20989
2018-09-21,395989,22794,660010,235680,137881,90.4,11100,5162,16514,20001
2018-09-28,403964,24493,660010,235221,136131,90.4,11100,6242,16591,20221
2018-10-05,409951,26852,658704,236172,133465,88.8,11200,4821,16239,19810
2018-10-12,416441,28628,657634,234156,132638,88.8,10900,5833,16316,20012
2018-10-19,422787,29999,656476,229330,130376,89.2,10900,5498,16268,21546
2018-10-26,426004,31877,654935,226169,126322,89.4,11200,4859,16417,21059
2018-11-02,431787,34296,654700,228021,122857,90.0,11600,5134,16408,20459
2018-11-09,442057,35463,653329,226610,119268,90.1,11700,5402,16432,22421
2018-11-16,446908,35347,652569,225315,119191,92.7,11700,5585,16855,21208
2018-11-23,450485,36524,650564,224551,121801,95.6,11700,5720,17553,20563
2018-11-30,443162,38253,649561,226250,125612,95.5,11700,4016,17487,20578
2018-12-07,441954,39401,649563,228337,124137,95.1,11600,5119,17436,21479
2018-12-14,441457,40492,649137,230103,119900,95.4,11600,5098,17408,22361
2018-12-21,441411,41291,649139,233106,119902,95.1,11700,4687,17350,20763
2018-12-28,441418,41932,649139,239996,129431,97.2,11700,5155,17760,19093
2019-01-04,439738,42262,649139,248062,140042,96.1,11700,5781,17566,19769
2019-01-11,437055,41519,649139,255565,143009,94.6,11900,4561,17223,20912
2019-01-18,445025,41329,649139,259615,142392,92.9,11900,6156,17049,21494
2019-01-25,445944,41184,649139,257380,141270,90.1,11900,5139,16463,20835
2019-02-01,447207,42625,649139,257893,139013,90.7,11900,4276,16633,21826
2019-02-08,450840,41609,649139,258301,140200,85.9,11900,3846,15768,19169
2019-02-15,454512,45022,649139,256847,138683,85.9,12000,3915,15711,20767
2019-02-22,445865,46650,649139,254941,138379,87.1,12100,2558,15890,21494
2019-03-01,452934,47523,649126,250714,135986,87.5,12100,4198,15990,20487
2019-03-08,449072,46851,649126,246090,136369,87.6,12000,4200,16020,20773
2019-03-15,439483,46383,649126,241503,132242,88.9,12100,3540,16198,21470
2019-03-22,442283,46924,649126,238620,130167,86.6,12100,3654,15831,20111
2019-03-29,449521,47125,649126,236839,128169,86.4,12200,4040,15849,20029
2019-04-05,456550,45992,649126,229129,128053,87.5,12200,4250,16100,20307
2019-04-12,455154,44449,649126,227955,127691,87.7,12100,3591,16078,19887
2019-04-19,460633,44912,649126,225826,127029,90.1,12200,4468,16583,20420
2019-04-26,470567,45177,648587,226743,125722,89.2,12300,4803,16446,20107
2019-05-03,466604,45998,647717,226147,125563,88.9,12200,4371,16405,20420
2019-05-10,472035,47803,645953,225024,125647,90.5,12100,4265,16676,19454
2019-05-17,476775,49069,644818,228740,126415,89.9,12200,4021,16578,19649
2019-05-24,476493,49053,644818,230944,124800,91.2,12300,3545,16767,21419
2019-05-31,483264,50844,644818,234149,129372,91.8,12400,4629,16938,19398
2019-06-07,485470,52940,644818,234913,128372,93.2,12300,4489,17064,21121
2019-06-14,482364,53582,644818,233221,127821,93.9,12200,4045,17264,20816
2019-06-21,469576,51836,644818,232225,125380,94.2,12100,2886,17337,20880
2019-06-28,468491,52488,644818,230642,126788,94.2,12200,4595,17290,20756
2019-07-05,458992,52178,644818,229187,130517,94.7,12300,4254,17438,21261
2019-07-12,455876,50827,644818,232752,136203,94.4,12000,4298,17267,20260
2019-07-19,445041,50398,644818,232526,136816,93.1,11300,3736,17034,21549
2019-07-26,436545,48865,644818,230735,135922,93.0,12200,4089,16991,21287
2019-08-02,438930,47361,644818,235172,137451,96.4,12300,5283,17777,21484
2019-08-09,440510,44821,644818,233760,135513,94.8,12300,5031,17302,22055
2019-08-16,437778,42336,644818,234072,138123,95.9,12300,4415,17702,21004
2019-08-23,427751,40356,644818,231982,136060,95.2,12500,2909,17408,22225
2019-08-30,422980,40126,644818,229586,133522,94.8,12400,3843,17381,21627
2019-09-06,416068,39328,644818,228904,136226,95.1,12400,3430,17495,21426
2019-09-13,417126,38681,644818,229685,136663,91.2,12400,3875,16707,20278
2019-09-20,419538,40937,644818,230204,133685,89.8,12500,3395,16513,21199
2019-09-27,422642,40736,644818,229976,131267,86.4,12400,3424,16017,20762
2019-10-04,425569,41677,644618,228763,127324,85.7,12600,2823,15656,21412
2019-10-11,434850,42953,643349,226201,123501,83.1,12600,3047,15436,20938
2019-10-18,433151,44459,642350,223094,120786,85.2,12600,2174,15865,21171
2019-10-25,438853,46031,641652,220057,119754,87.7,12600,3370,15998,21644
2019-11-01,446782,47745,640952,217229,119132,86.0,12600,3706,15761,21077
2019-11-08,449001,46516,639509,219090,116655,87.8,12800,3117,15916,21515
2019-11-15,450380,44221,637537,220846,115681,89.5,12800,2945,16435,21275
2019-11-22,451952,44124,636170,225978,116406,89.3,12900,2710,16334,21128
2019-11-29,447096,43822,635166,229363,119469,91.9,12900,2854,16798,21108
2019-12-06,447918,40429,634968,234768,123587,90.6,12800,3487,16597,18368
2019-12-13,446833,40164,634967,237297,125096,90.6,12800,2946,16562,21810
2019-12-20,441359,37771,634967,239260,124944,93.3,12900,3412,16980,21351
2019-12-27,429896,36322,634967,242472,133720,94.5,12900,1890,17283,19955
2020-01-03,431060,35501,634967,251609,139050,93.0,12900,3666,16897,19366
2020-01-10,428511,35843,634967,258287,147221,92.2,13000,3071,16973,19047
2020-01-17,428106,34882,634967,260032,146036,90.5,13000,3018,16857,21474
2020-01-24,431654,35640,634967,261235,144747,87.2,13000,3151,15924,19598
2020-01-31,435009,36708,634967,261144,143235,87.4,12900,3202,15972,20810
2020-02-07,442468,38376,634967,261049,141222,88.0,13000,4008,16020,20965
2020-02-14,442883,38243,634967,259078,140587,89.4,13000,2983,16210,19602
2020-02-21,443335,39149,634967,256387,138472,87.9,13000,2560,16008,19870
2020-02-28,444119,37178,634967,252048,134464,86.9,13100,2084,15696,21265
2020-03-06,451783,37882,634967,246999,128060,86.4,13000,3002,15701,21875
2020-03-13,453737,38445,634967,240819,125120,86.4,13100,2161,15820,21456
2020-03-20,455360,39303,634967,239282,124442,87.3,13000,2267,15838,19420
2020-03-27,469193,42824,634967,246806,122248,82.3,13000,2892,14898,17852
2020-04-03,484370,49241,634967,257303,122724,75.6,12400,3041,13634,14437
2020-04-10,503618,54965,634967,262217,129004,69.1,12300,2244,12665,13797
2020-04-17,518640,59741,634967,263234,136880,67.6,12200,2047,12456,14103
2020-04-24,527631,63378,636117,259565,141972,69.6,12100,2000,12761,15763
2020-05-01,532221,65446,637833,256407,151490,70.5,11900,2166,12976,15354
2020-05-08,531476,62444,639766,252894,155001,67.9,11600,1866,12383,16814
2020-05-15,526494,56857,641648,255724,158832,69.4,11500,1958,12903,16586
2020-05-22,534422,53462,643759,255000,164327,71.3,11400,4024,12991,15958
2020-05-29,532345,51723,647779,257795,174261,71.8,11200,3385,13307,15066
2020-06-05,538065,49444,649999,258661,175829,73.1,11100,4425,13484,17573
2020-06-12,539280,46836,651730,256995,174471,73.8,10500,4180,13600,17290
2020-06-19,540722,45845,653721,255322,174720,74.6,11000,3383,13840,18348
2020-06-26,533527,45582,655413,256521,174127,75.5,11000,2877,14033,17353
2020-07-03,539181,47788,656023,251682,177262,77.5,11000,5007,14347,18120
2020-07-10,531688,48737,656149,248535,176809,78.1,11000,3024,14309,18480
2020-07-17,536580,50112,656147,246733,177883,77.9,11100,2948,14206,17654
2020-07-24,525969,51421,656147,247387,178386,79.5,11100,1935,14595,19094
2020-07-31,518596,51953,656141,247806,179977,79.6,11000,3191,14637,17912
2020-08-07,514084,53289,653899,247084,177655,81.0,10700,2478,14658,19369
2020-08-14,512452,52682,651228,243762,177807,80.9,10700,3593,14487,17159
2020-08-21,507763,52403,649465,239179,179195,82.0,10800,2553,14712,19619
2020-08-28,498401,52513,648165,234859,177520,76.7,9700,1898,13868,16979
2020-09-04,500434,54351,647860,231905,175845,71.8,10000,2479,12779,18678
2020-09-11,496045,54277,645733,231524,179306,75.8,10900,2413,13488,17027
2020-09-18,494406,54281,644952,227499,175942,74.8,10700,2146,13370,18439
2020-09-25,492426,56066,643151,228182,172758,75.8,10700,1610,13670,17447
2020-10-02,492927,56536,642006,226747,171796,77.1,11000,3073,13853,18345
2020-10-09,489109,59442,640847,225121,164551,75.1,10500,3151,13577,19475
2020-10-16,488107,60417,640081,227016,160719,72.9,9900,2082,13026,18112
2020-10-23,492427,59995,639423,226124,156228,74.6,11100,2204,13388,19631
2020-10-30,484429,60931,639270,227665,154644,75.3,10500,2764,13552,18362
2020-11-06,488706,60413,638706,225356,149289,74.5,10500,2734,13447,20180
2020-11-13,489475,61613,638301,227967,144073,77.4,10900,2506,13841,19564
2020-11-20,488721,59892,638190,230147,142632,78.7,11000,2397,14263,19156
2020-11-27,488042,59575,638190,233638,145870,78.2,11100,1943,14012,18468
2020-12-04,503231,58211,638085,237859,151092,79.9,11100,4645,14436,18534
2020-12-11,500096,58409,638086,238879,151259,79.1,11000,2797,14183,19335
2020-12-18,499534,58383,638085,237754,148934,78.0,11000,2465,14014,19088
2020-12-25,493469,58410,638085,236562,152029,79.4,11000,1701,14287,19317
2021-01-01,485459,59202,638085,241081,158419,80.7,11000,1737,14376,17054
2021-01-08,482211,57227,638085,245476,163205,82.0,11000,3228,14650,19607
2021-01-15,486563,52500,638085,245217,163662,82.5,11000,3794,14760,19642
2021-01-22,476653,50219,638086,247686,162847,81.7,10900,1709,14721,19681
2021-01-29,475659,48702,638086,252153,162838,82.3,10900,3024,14641,18528
2021-02-05,469014,48044,637921,256412,161106,83.0,11000,3240,14793,20183
2021-02-12,461757,45016,637773,257084,157684,83.1,10800,2036,14819,20668
2021-02-19,463042,47823,637773,257096,152715,68.6,9700,2285,12230,18688
2021-02-26,484605,48308,637773,243472,142996,56.0,10000,3941,9903,18759
2021-03-05,498403,48834,637773,231603,137492,69.0,10900,3022,12310,18672
2021-03-12,500799,48210,637773,232075,137747,76.1,10900,2803,13433,18933
2021-03-19,502711,46275,637773,232279,141553,81.6,11000,3141,14389,18702
2021-03-26,501835,47057,637773,230544,144095,83.9,11100,2971,14941,20313
2021-04-02,498313,46322,637773,234588,145547,84.0,10900,2830,15044,19236
2021-04-09,492423,46668,636667,234897,143464,85.0,11000,3273,15051,20328
2021-04-16,493017,45350,635924,234982,142391,85.0,11000,2857,14765,18762
2021-04-23,493107,46072,634475,235074,139049,85.4,10900,4075,15018,20395
2021-04-30,485117,46326,633427,235811,136153,86.5,10900,1329,15243,19691
2021-05-07,484691,45905,632028,236189,134419,86.1,11000,3692,15020,17483
2021-05-14,486011,45763,630127,234226,132095,86.3,11000,3105,15116,19272
2021-05-21,484349,44755,628481,232481,129082,87.0,11000,2840,15239,19956
2021-05-28,479270,45539,627833,233980,132802,88.7,10800,3087,15597,19140
2021-06-04,474029,45704,626484,241026,137214,91.3,11000,3707,15925,17713
2021-06-11,466674,43554,625593,242980,136191,92.6,11200,2862,16337,20571
2021-06-18,459060,41721,623888,240050,137945,92.2,11100,3292,16112,20751
2021-06-25,452342,40261,622487,241572,137076,92.9,11100,2689,16299,20902
2021-07-02,445476,39647,621304,235497,138692,92.2,11300,3247,16115,21547
2021-07-09,437580,38058,621304,236535,142349,91.8,11400,2196,16093,19303
2021-07-16,439687,36711,621304,236414,141000,91.4,11400,4634,16007,20581
2021-07-23,435598,35443,621304,234161,137912,91.1,11200,4018,15875,21123
2021-07-30,439225,34900,621304,228870,138744,91.3,11200,4528,15920,21168
2021-08-06,438777,34575,621304,227469,140511,91.8,11300,3732,16197,19514
2021-08-13,435544,33595,621302,228165,137814,92.2,11400,2919,16006,21463
2021-08-20,432564,33665,621302,225924,138459,92.4,11400,3345,16072,21817
2021-08-27,425395,34501,621302,227214,136727,91.3,11500,3300,15938,22820
2021-09-03,423867,36419,621302,219999,133586,81.9,10000,3468,14302,19954
2021-09-10,417445,35316,620773,218142,131897,82.1,10100,3137,14387,19911
2021-09-17,413964,33840,619569,221616,129343,87.5,10600,3656,15347,21145
2021-09-24,418542,33971,618689,221809,129727,88.1,11100,3532,15415,20391
2021-10-01,420887,35519,617770,225065,129331,89.6,11300,4921,15744,21526
2021-10-08,426975,33551,616970,223107,129307,86.7,11400,3480,15061,19875
2021-10-15,426544,31231,615276,217739,125394,84.7,11300,2765,14990,21832
2021-10-22,430812,27332,614186,215746,124962,85.1,11300,3467,15048,19832
2021-10-29,434102,26416,612541,214258,127122,86.3,11500,3247,15023,19997
2021-11-05,435104,26382,609396,212703,124509,86.7,11500,3055,15366,19290
2021-11-12,433003,26598,606147,211996,123685,87.9,11400,2565,15397,21629
2021-11-19,434020,27385,604505,211393,121717,88.6,11500,3831,15640,21752
2021-11-26,433111,28544,602556,215422,123877,88.8,11600,3900,15631,20222
2021-12-03,432870,30917,600867,219304,126610,89.8,11700,4229,15785,19837
2021-12-10,428286,32211,598917,218585,123758,89.8,11700,2826,15670,23191
2021-12-17,423571,33674,596381,224118,124154,89.6,11600,3315,15818,20454
2021-12-24,419995,34729,595028,222659,122428,89.7,11800,3830,15703,22218
2021-12-31,417851,37306,593682,232787,126846,89.8,11800,3330,15867,19665
2022-01-07,413298,34838,593382,240748,129383,88.4,11700,4114,15573,20829
2022-01-14,413813,33524,592034,246621,127952,88.1,11700,4135,15453,21915
2022-01-21,416190,31701,590782,247918,125154,87.7,11600,3440,15497,22417
2022-01-28,415143,30528,588912,250037,122744,86.7,11500,4709,15248,21410
2022-02-04,410387,27727,587515,248393,121814,88.2,11600,3289,15577,21881
2022-02-11,411508,25827,584828,247061,120262,85.3,11600,3519,14902,22741
2022-02-18,416022,23778,582384,246479,119678,87.4,11600,4142,15246,21483
2022-02-25,413425,22806,580020,246011,119104,87.7,11600,1971,15398,20830
2022-03-04,411562,22221,577496,244606,113874,89.3,11600,3897,15377,21210
2022-03-11,415907,24007,575513,240991,114206,90.4,11600,3459,15601,20652
2022-03-18,413399,25242,571323,238043,112135,91.1,11600,2642,15878,21124
2022-03-25,409950,24233,568322,238828,113530,92.1,11700,3271,15913,19874
2022-04-01,412371,25887,564580,236787,114301,92.5,11800,2607,15948,19815
2022-04-08,421753,26337,560681,233139,111399,90.0,11800,3815,15523,18771
2022-04-15,413733,26152,555980,232378,108735,91.0,11900,1567,15717,19033
2022-04-22,414424,27450,553070,230805,107286,90.3,11900,2213,15684,19821
2022-04-29,415727,28829,549985,228575,104942,88.4,11900,2758,15466,19467
2022-05-06,424214,28242,542994,224968,104029,90.0,11800,3390,15696,19231
2022-05-13,420820,25839,537984,220189,105264,91.8,11900,3048,15935,19661
2022-05-20,419801,24778,532013,219707,106921,93.2,11900,2145,16269,19684
2022-05-27,414733,25034,526592,218996,106392,92.6,11900,2228,16033,19512
2022-06-03,416758,23441,519323,218184,108984,94.2,11900,3922,16387,20227
2022-06-10,418714,22615,511612,217474,109709,93.7,12000,3260,16320,19703
2022-06-17,418328,22043,504818,218963,109842,94.0,12000,2654,16263,19904
2022-06-24,415566,21261,497868,221608,112401,95.0,12100,2618,16666,19997
2022-07-01,423800,21330,492028,219112,111135,94.5,12100,4227,16438,20464
2022-07-08,427054,21646,485147,224937,113803,94.9,12000,3651,16640,18720
2022-07-15,426609,22789,480149,228435,112508,93.7,11900,2760,16319,21025
2022-07-22,422086,23540,474545,225131,111724,92.2,12100,1616,16027,19976
2022-07-29,426553,24466,469855,225294,109324,91.0,12100,3830,15853,19948
2022-08-05,432010,25189,464558,220316,111490,94.3,12200,4061,16581,19474
2022-08-12,424954,25381,461156,215674,112256,93.5,12100,1132,16423,21221
2022-08-19,421672,25807,453065,215647,111594,93.8,12000,1994,16255,19339
2022-08-26,418346,25284,449998,214475,111706,92.7,12100,1989,16238,20073
2022-09-02,427191,24783,442471,214808,111801,90.9,12100,3346,15929,19892
2022-09-09,429633,24648,434057,213040,116020,91.5,12100,2277,16022,19313
2022-09-16,430774,24991,427158,214610,117250,93.6,12100,3407,16355,18938
2022-09-23,430559,25683,422583,212188,114359,90.6,12000,1803,15751,20770
2022-09-30,429203,25956,416389,207460,110916,91.3,12000,1396,15961,20831
2022-10-07,439082,25647,408699,209482,106063,89.9,11900,3191,15683,19271
2022-10-14,437357,26230,405135,209368,106187,89.5,12000,1770,15550,20761
2022-10-21,439945,26897,401718,207890,106357,88.9,12000,1051,15436,20587
2022-10-28,436830,28164,399792,206633,106784,90.6,11900,2280,15842,20481
2022-11-04,440755,27241,396219,205733,106263,92.1,12100,2933,16089,21267
2022-11-11,435355,25617,392119,207940,107383,92.9,12100,1697,16152,21087
2022-11-18,431665,24730,390518,210998,109101,93.9,12100,2821,16410,19878
2022-11-25,419084,24315,389116,213768,112648,95.2,12100,1089,16638,19717
2022-12-02,413898,23942,387019,219087,118807,95.5,12200,2582,16585,19626
2022-12-09,424129,24368,382271,223583,120171,92.2,12100,2551,16126,19956
2022-12-16,418234,25221,378624,226113,119929,90.9,12100,1459,15976,20924
2022-12-23,418952,25026,375128,223008,120212,92.0,12000,2787,16149,22822
2022-12-30,420646,25270,372380,222662,118785,79.6,12100,1505,13820,18190
2023-01-06,439607,27781,371580,226776,117716,84.1,12200,4213,14651,17627
2023-01-13,448015,31427,371579,230259,115777,85.3,12200,2989,14853,20314
2023-01-20,448548,35694,371579,232022,115270,86.1,12200,1198,14981,19447
2023-01-27,452688,38009,371579,234598,117590,85.7,12200,3791,14961,20106
2023-02-03,455111,39052,371579,239606,120522,87.9,12300,4158,15410,20536
2023-02-10,471394,39711,371579,241922,119237,86.5,12300,3086,15027,19302
2023-02-17,479041,40411,371579,240066,121935,85.9,12300,1729,15010,20218
2023-02-24,480207,40718,371579,239192,122114,85.8,12300,579,14979,20413
2023-03-03,478513,39828,371579,238058,122252,86.0,12200,2909,14967,19049
2023-03-10,480063,37912,371579,235997,119715,88.2,12200,1189,15398,19113
2023-03-17,481180,36849,371579,229598,116402,88.6,12300,1240,15376,20026
2023-03-24,473691,35217,371579,226694,116683,90.3,12200,741,15813,20476
2023-03-31,469952,34247,371175,222575,113051,89.6,12200,1905,15615,20599
2023-04-07,470549,33838,369575,222245,112445,89.3,12300,3466,15585,19055
2023-04-14,465968,32750,367963,223544,112090,91.0,12300,1723,15844,19317
2023-04-21,460914,33069,366942,221136,111513,91.3,12200,1557,15833,20208
2023-04-28,459633,33610,364938,222878,110323,90.7,12300,1659,15735,19805
2023-05-05,462584,34007,362014,219711,106153,91.0,12300,2677,15745,20164
2023-05-12,467624,35468,359586,218330,106233,92.0,12200,2550,15990,19558
2023-05-19,455168,37230,357954,216277,105672,91.7,12300,1301,16069,20701
2023-05-26,459657,38858,355436,216070,106657,93.1,12200,2302,16165,19442
2023-06-02,459205,40579,353569,218815,111731,95.8,12400,3925,16647,19221
2023-06-09,467124,42133,351687,220923,113854,93.7,12400,3111,16586,20408
2023-06-16,463293,42035,349968,221402,114288,93.1,12200,1618,16470,20925
2023-06-23,453690,43244,348617,222005,114411,92.2,12200,1242,16254,20306
2023-06-30,452182,42844,347159,219456,113366,91.1,12400,3137,16030,21235
2023-07-07,458128,41239,346758,219452,118181,93.7,12300,3736,16659,18701
2023-07-14,457420,38348,346759,218386,118194,94.3,12300,3360,16585,20767
2023-07-21,456820,35739,346759,217600,117949,93.4,12200,1776,16478,21276
2023-07-28,439771,34480,346759,219081,117153,92.7,12200,1385,16517,20023
2023-08-04,445622,34639,347754,216420,115447,93.8,12600,4322,16579,20727
2023-08-11,439662,33802,348354,216158,115743,94.7,12700,2559,16746,21663
2023-08-18,433528,30669,348948,217626,116688,94.5,12800,2675,16776,21165
2023-08-25,422944,29165,349542,217412,117923,93.3,12800,2089,16603,21429
2023-09-01,416637,27415,350340,214746,118602,93.1,12800,1838,16623,20203
2023-09-08,420592,24965,350630,220307,122533,93.7,12900,4492,16800,20991
2023-09-15,418456,22901,351230,219476,119666,91.9,12900,1450,16304,20914
2023-09-22,416287,21958,350980,220503,120064,89.5,12900,3217,16065,20141
2023-09-29,414063,22090,351280,226984,118795,87.3,12900,1259,15602,19157
2023-10-06,424239,21771,351274,225671,116958,85.7,13200,3262,15203,19666
2023-10-13,419748,21013,351274,223301,113773,86.1,13200,641,15396,21897
2023-10-20,421120,21226,351274,223457,112087,85.6,13200,1180,15189,20102
2023-10-27,421893,21498,351274,223522,111295,85.4,13200,1528,15251,19869
2023-11-03,435762,23085,351274,217210,108001,85.2,13200,1869,15235,21722
2023-11-10,439354,25010,351274,215670,106579,86.1,13200,1484,15399,20080
2023-11-17,448054,25868,351274,216420,105561,87.0,13200,1743,15504,20042
2023-11-24,449664,27722,351587,218184,110778,89.8,13200,1078,16022,18917
2023-12-01,445031,29551,351917,223604,112045,90.5,13100,3169,16201,19611
2023-12-08,440773,30779,351911,224013,113539,90.2,13100,2746,16097,21079
2023-12-15,443682,32465,352540,226723,115024,92.4,13300,2629,16500,20785
2023-12-22,436568,33973,353333,226054,115765,93.3,13300,2361,16558,21415
2023-12-29,431065,34679,354388,236954,125855,93.5,13200,1603,16679,19059
2024-01-05,432403,34173,354994,244982,132383,92.9,13200,2919,16518,19605
2024-01-12,429911,32074,355590,248065,134753,92.6,13300,2391,16653,19869
2024-01-19,420678,30066,356510,252977,133336,85.5,12300,1146,15276,19556
2024-01-26,421912,28094,357402,254134,130795,82.9,13000,1711,14848,20119
2024-02-02,427432,28061,358017,250988,127574,82.4,13300,3311,14840,20227
2024-02-09,439450,28771,358763,247330,125659,80.6,13300,2123,14542,19255
2024-02-16,442964,29512,359511,247037,121651,80.6,13300,1689,14574,18918
2024-02-23,447163,30970,360254,244205,121141,81.5,13300,1657,14674,19529
2024-03-01,448530,31671,360960,239745,117010,84.9,13200,2585,15268,20294
2024-03-08,446994,31451,361556,234083,117898,86.8,13100,2344,15658,20803
2024-03-15,445042,31433,362306,230773,118522,87.8,13100,1397,15785,19742
2024-03-22,448207,33540,363050,232072,117337,88.7,13100,2521,15932,19531
2024-03-29,451417,33163,363641,227816,116069,88.6,13100,2596,15897,21292
2024-04-05,457258,32993,364236,228531,117728,88.3,13100,3726,15782,19236
2024-04-12,459993,33026,364884,227377,114968,88.1,13100,1735,15913,19220
2024-04-19,453625,32367,365677,226743,116582,88.5,13100,1318,15871,19535
2024-04-26,460890,33456,366271,227087,115850,87.5,13100,2854,15641,20417
2024-05-03,459528,35336,367218,228002,116410,88.5,13100,2501,15948,20290
2024-05-10,457020,34995,367811,227767,116365,90.4,13100,2609,16255,20056
2024-05-17,458845,36320,368804,226822,116744,91.7,13100,1933,16482,20030
2024-05-24,454689,34554,369289,228844,119288,94.3,13100,2544,17083,19383
2024-05-31,455922,35408,370187,230946,122485,95.4,13100,2557,17144,20510
2024-06-07,459652,33815,370526,233512,123366,95.0,13200,5116,17047,19219
2024-06-14,457105,34122,370912,231232,121640,93.5,13200,2636,16765,21081
2024-06-21,460696,33896,372197,233886,121263,92.2,13200,2701,16532,20689
2024-06-28,448539,34241,372595,231672,119728,93.5,13200,2146,16792,21083
2024-07-05,445096,33539,373072,229666,124612,95.4,13300,2761,17109,20749
2024-07-12,440226,32664,373722,232994,128066,93.7,13300,3073,16928,19430
2024-07-19,436485,30956,374412,227422,125313,91.6,13300,2685,16407,21033
2024-07-26,433049,29850,375097,223757,126847,90.1,13300,2034,16150,20724
2024-08-02,429321,30429,375833,225097,127796,90.5,13400,2586,16402,19974
2024-08-09,430678,28764,376527,222203,126123,91.5,13300,2529,16467,20523
2024-08-16,426029,28204,377163,220597,122811,92.3,13400,2607,16689,20422
2024-08-23,425183,27536,377908,218394,123086,93.3,13300,2889,16864,21592
2024-08-30,418310,26394,379672,219242,122715,93.3,13300,2036,16900,20541
2024-09-06,419143,24690,379951,221552,125023,92.8,13300,3562,16759,19383
2024-09-13,417513,22711,380606,221621,125148,92.1,13200,1733,16477,19792
2024-09-20,413042,22827,381893,220083,122921,90.9,13200,2559,16353,21386
2024-09-27,416931,23667,382553,221202,121637,87.6,13300,2750,15691,19847
2024-10-04,422741,24914,382930,214898,118513,86.7,13400,2445,15590,21185
2024-10-11,420550,25022,383882,212697,114979,87.7,13500,1406,15755,20697
2024-10-18,426024,24676,384642,213575,113839,89.5,13500,2319,16084,20251
2024-10-25,425509,25357,385831,210868,112862,89.1,13500,1714,16053,21638
2024-11-01,427658,25879,387223,211280,115809,90.5,13500,3390,16334,19739
2024-11-08,429747,25191,387790,206873,114415,91.4,13400,3069,16509,21583
2024-11-15,430292,25051,389190,208927,114301,90.2,13201,3306,16228,19771
2024-11-22,428448,24142,390362,212241,114717,90.5,13493,1420,16295,20471
2024-11-29,423375,24192,391807,214603,118100,93.3,13513,3055,16910,19968
2024-12-06,421950,22894,392531,219689,121335,92.4,13631,2885,16659,20158
2024-12-13,421016,23002,393050,222037,118155,91.8,13604,1754,16611,20820
2024-12-20,416779,22682,393310,223667,116461,92.5,13585,2749,16816,21831
2024-12-27,415601,22540,393570,231384,122867,92.7,13573,3072,16857,18545
2025-01-03,414642,20038,393817,237714,128938,93.3,13563,3350,16902,19791
2025-01-10,412680,20803,394317,243566,132015,91.7,13481,2046,16647,20673
2025-01-17,411663,20655,394566,245898,128945,85.9,13477,2230,15522,19597
2025-01-24,415126,20981,394814,248855,123951,83.5,13240,2762,15189,21087
2025-01-31,423790,20947,395064,251088,118480,84.5,13478,2584,15349,21075
2025-02-07,427860,21819,395313,248053,118615,85.0,13494,2400,15431,19624
2025-02-14,432493,23291,395313,247902,116564,84.9,13497,1439,15416,19653
2025-02-21,430161,24573,395313,248271,120472,86.5,13502,1731,15733,20842
2025-02-28,433775,25697,395313,246838,119154,85.9,13508,1677,15387,20543
2025-03-07,435223,24469,395588,241101,117595,86.5,13575,2180,15708,21600
2025-03-14,436968,23460,395863,240574,114783,86.9,13573,741,15663,19417
2025-03-21,433627,22705,396149,239128,114362,87.0,13574,1586,15750,19237
2025-03-28,439792,25078,396434,237577,114626,86.0,13580,2585,15558,20121
2025-04-04,442345,25759,396710,235977,111082,86.7,13458,2945,15627,19481
2025-04-11,442860,25105,397009,234019,109231,86.3,13462,901,15564,19123
2025-04-18,443104,25019,397477,229543,106878,88.1,13460,2040,15889,20875
2025-04-25,440408,25701,398542,225540,107815,88.6,13465,1377,16078,19154
2025-05-02,438376,24961,399122,225728,106708,89.0,13367,2050,16071,19872
2025-05-09,441830,23892,399650,224706,103553,90.2,13387,2472,16401,19441
2025-05-16,443158,23435,400493,225522,104132,90.7,13392,2582,16490,20031
2025-05-23,440363,23510,401313,223081,103408,90.2,13401,2050,16328,20242
2025-05-30,436059,24086,401822,228300,107638,93.4,13408,2439,16998,19528
2025-06-06,432415,23683,402059,229804,108884,94.3,13428,2890,17226,19762
2025-06-13,420942,22688,402289,230013,109398,93.2,13431,1143,16862,20391
2025-06-20,415106,22224,402526,227938,105332,94.7,13435,1674,16987,20513
2025-06-27,418951,20731,402765,232126,103622,94.9,13433,4614,17105,20487
2025-07-04,426021,21195,403003,229468,102797,94.7,13385,3256,17006,20863
2025-07-11,422162,21408,402703,232867,106970,93.9,13375,2861,16849,19184
2025-07-18,418993,21863,402503,231129,109901,95.5,13273,2121,16936,21770
2025-07-25,426691,22553,402741,228405,113536,95.4,13314,3438,16911,21387
2025-08-01,423662,23006,402976,227082,112971,96.9,13284,2644,17124,20122
2025-08-08,426698,23051,403202,226290,113685,96.4,13327,3343,17180,21357
2025-08-15,420684,23470,403425,223570,116028,96.6,13382,2125,17208,21506
2025-08-22,418292,22632,404201,222334,114242,94.6,13439,2424,16880,21614
2025-08-29,420707,24222,404710,218539,115923,94.3,13423,2858,16869,20652
2025-09-05,424646,23857,405224,219997,120638,94.9,13495,3526,16818,19781
2025-09-12,415361,23561,405728,217650,124684,93.3,13482,415,16424,20637
2025-09-19,414754,23738,405958,216569,122999,93.0,13501,2011,16476,20793
2025-09-26,416546,23467,406700,220694,123577,91.4,13505,2082,16168,20166
2025-10-03,420261,22704,406985,219093,121559,92.4,13629,2813,16297,21990
2025-10-10,423785,22001,407745,218826,117030,85.7,13636,1059,15130,19726
2025-10-17,422824,21231,408564,216679,115551,88.6,13629,1715,15730,20014
2025-10-24,415966,22565,409097,210738,112189,86.6,13644,690,15219,21281
2025-10-31,421168,22865,409595,206009,111546,86.0,13651,1557,15256,20356
2025-11-07,427581,22519,410393,205064,110909,89.4,13862,2406,15973,20770
2025-11-14,424155,21821,410926,207391,111080,90.0,13834,1792,16232,20157
2025-11-21,426929,21753,411424,209904,112227,92.3,13814,2838,16443,20240
2025-11-28,427503,21296,411674,214422,114286,94.1,13815,2368,16876,20189
2025-12-05,425691,21604,411922,220819,116788,94.5,13853,2580,16860,21082
2025-12-12,424417,20862,412171,225627,118500,94.8,13843,1861,16988,20573
2025-12-19,424822,21569,412971,228489,118702,94.6,13825,2470,16776,20310
2025-12-26,422888,22112,413219,234334,123679,94.7,13827,1513,16847,19376
2026-01-02,419056,22840,413464,242036,129273,94.7,13811,2076,16909,19226
2026-01-09,422447,23585,413678,251013,129244,95.3,13753,2786,16958,21009
2026-01-16,426049,25063,414484,256990,132592,93.3,13732,2759,16604,20172
2026-01-23,423754,24785,414999,257213,132921,90.9,13696,1053,16209,20675
2026-01-30,420299,24042,415213,257898,127368,90.5,13215,2154,16029,21353
2026-02-06,428829,25113,415212,259058,124665,89.4,13713,3066,16000,21108
2026-02-13,419815,24018,415441,255845,120099,91.0,13735,1934,16077,21648
2026-02-20,435804,24899,415441,254834,120351,88.6,13702,2346,15661,21455
2026-02-27,439279,26463,415441,253130,120780,89.2,13696,2327,15841,19867
2026-03-06,443103,26580,415442,249476,119431,90.8,13678,2988,16169,21201
2026-03-13,449259,27524,415442,244040,116904,91.4,13668,2296,16232,21639
2026-03-20,456185,30945,415442,241447,119936,92.9,13657,3142,16598,20004
2026-03-27,461636,31465,415064,240861,117825,92.1,13657,2933,16379,20921
2026-04-03,464717,31489,413325,239272,114681,92.0,13596,2175,16250,20638
2026-04-10,463804,29762,409181,232944,111559,89.6,13596,66,16042,20765
2026-04-17,465729,30568,405045,228374,108132,89.1,13585,1280,15987,19698
2026-04-24,459495,29772,397924,222299,103638,89.6,13586,-688,16071,21131
2026-05-01,457182,29124,392700,219795,102344,90.1,13573,727,16029,19484
2026-05-08,452876,27422,384095,215711,102534,91.7,13710,409,16399,19891
2026-05-15,445013,25818,374175,214163,102906,91.6,13702,412,16319,20449
2026-05-22,441686,23024,365112,211591,100799,94.5,13715,772,16971,20943
2026-05-29,433712,22441,357119,214955,102301,94.7,13707,523,16881,20333
2026-06-05,426485,21640,349192,215141,102101,95.3,13799,1048,16962,20600
2026-06-12,418222,20034,340251,214235,103052,96.7,13806,807,17192,20685
2026-06-19,412134,18957,331191,216299,106116,96.1,13819,901,17111,20272
2026-06-26,408359,19666,325655,213966,108599,96.6,13810,1271,17196,20997
2026-07-03,411357,19614,319489,212062,103619,95.8,13860,2367,17024,20517
2026-07-10,409665,20044,316504,210529,108175,96.2,13861,1968,17123,19477
2026-07-17,411675,19370,311447,211294,109570,96.1,13798,2453,17065,20519
2026-07-24,404508,18599,307650,211301,110632,97.2,13796,2216,17336,20754
2026-07-31,406987,20955,304809,209658,107159,96.5,13804,2513,17153,20970
2026-08-07,424410,22566,298694,208690,107149,96.2,13805,4281,17179,20635
2026-08-14,428815,21252,293426,209378,105619,97.2,13830,2527,17395,19538
2026-08-21,428910,22428,289726,206842,103391,97.4,13843,2366,17393,20948
2026-08-28,424460,22508,286604,205669,104187,98.0,13862,2287,17496,20675
2026-09-04,424069,21824,285360,206938,106274,97.8,13947,3407,17586,19313
2026-09-11,423429,21482,284957,207732,107859,96.8,13944,2227,17330,21255
2026-09-18,426398,23748,284552,206046,107431,94.0,13939,2596,16811,21050
2026-09-25,427320,24301,283767,204362,105180,92.5,13955,2128,16257,21500
